Timestamp,Voltage1_smoothed,Circuit,Temperature,R
0.0,,Closed,23,4.61
0.010933333333333333,,Closed,23,4.61
0.02171666666666667,,Closed,23,4.61
0.032516666666666666,,Closed,23,4.61
0.043300000000000005,,Closed,23,4.61
0.05416666666666667,,Closed,22,4.61
0.06495000000000001,,Closed,22,4.61
0.07573333333333335,,Closed,22,4.61
0.08651666666666667,,Closed,22,4.61
0.09731666666666668,,Closed,22,4.61
0.10816666666666667,,Closed,22,4.61
0.11896666666666668,,Closed,22,4.61
0.12975,,Closed,22,4.61
0.14053333333333334,,Closed,22,4.61
0.15133333333333335,,Closed,22,4.61
0.16218333333333332,,Closed,21,4.61
0.17298333333333335,,Closed,21,4.61
0.18376666666666666,,Closed,21,4.61
0.1945666666666667,,Closed,21,4.61
0.20535000000000003,,Closed,21,4.61
0.21620000000000003,,Closed,21,4.61
0.227,,Closed,21,4.61
0.23778333333333335,,Closed,21,4.61
0.24861666666666668,,Closed,21,4.61
0.2594166666666667,,Closed,21,4.61
0.2703,,Closed,21,4.61
0.2811,,Closed,21,4.61
0.2919,,Closed,20,4.61
0.30268333333333336,,Closed,20,4.61
0.31348333333333334,,Closed,20,4.61
0.32431666666666664,,Closed,20,4.61
0.33511666666666673,,Closed,20,4.61
0.34590000000000004,,Closed,20,4.61
0.3567,,Closed,20,4.61
0.3675,,Closed,20,4.61
0.37833333333333335,,Closed,20,4.61
0.3891333333333334,,Closed,20,4.61
0.3999166666666667,,Closed,20,4.61
0.4107166666666667,,Closed,20,4.61
0.42151666666666665,,Closed,20,4.61
0.43235000000000007,,Closed,20,4.61
0.44315000000000004,,Closed,19,4.61
0.45393333333333336,,Closed,19,4.61
0.46473333333333333,,Closed,19,4.61
0.4755166666666667,,Closed,19,4.61
0.4863666666666667,,Closed,19,4.61
0.49720000000000003,,Closed,19,4.61
0.508,,Closed,19,4.61
0.51885,,Closed,19,4.61
0.5296833333333334,8.1892,Closed,19,4.61
0.5404666666666668,8.1888,Closed,19,4.61
0.5512666666666667,8.1884,Closed,19,4.61
0.5620666666666667,8.1888,Closed,19,4.61
0.5728666666666666,8.1884,Closed,19,4.61
0.5837000000000001,8.1884,Closed,19,4.61
0.5944833333333334,8.187999999999999,Closed,18,4.61
0.6052833333333333,8.187999999999999,Closed,18,4.61
0.6160833333333334,8.187599999999998,Closed,18,4.61
0.6268666666666667,8.187599999999998,Closed,18,4.61
0.6377166666666667,8.187599999999998,Closed,18,4.61
0.6485000000000001,8.187999999999999,Closed,18,4.61
0.6592833333333333,8.187999999999999,Closed,18,4.61
0.6700833333333335,8.1876,Closed,18,4.61
0.6808833333333334,8.187199999999999,Closed,18,4.61
0.6917166666666666,8.1872,Closed,18,4.61
0.7025000000000001,8.1872,Closed,18,4.61
0.7132833333333334,8.1876,Closed,18,4.61
0.7241000000000001,8.1872,Closed,18,4.61
0.7349,8.1872,Closed,18,4.61
0.7457833333333334,8.1868,Closed,17,4.61
0.7565666666666667,8.186399999999999,Closed,17,4.61
0.7674166666666667,8.186399999999999,Closed,17,4.61
0.7782166666666668,8.186399999999999,Closed,17,4.61
0.789,8.1868,Closed,17,4.61
0.7998333333333334,8.1868,Closed,17,4.61
0.8106166666666667,8.1868,Closed,17,4.61
0.8214166666666667,8.1868,Closed,17,4.61
0.8322166666666667,8.1872,Closed,17,4.61
0.8430166666666667,8.1872,Closed,17,4.61
0.85385,8.1872,Closed,17,4.61
0.8646333333333334,8.1872,Closed,17,4.61
0.8754166666666667,8.187199999999999,Closed,17,4.61
0.8862166666666667,8.1868,Closed,17,4.61
0.8970166666666668,8.1868,Closed,16,4.61
0.90785,8.186399999999999,Closed,16,4.61
0.9186333333333334,8.186399999999999,Closed,16,4.61
0.9294333333333334,8.186,Closed,16,4.61
0.9402333333333334,8.186,Closed,16,4.61
0.9510333333333334,8.185599999999999,Closed,16,4.61
0.9618666666666668,8.185599999999999,Closed,16,4.61
0.97265,8.1852,Closed,16,4.61
0.9834333333333334,8.185599999999999,Closed,16,4.61
0.99425,8.185599999999999,Closed,16,4.61
1.0050833333333336,8.185599999999999,Closed,16,4.61
1.0159666666666667,8.185599999999999,Closed,16,4.61
1.02675,8.186,Closed,16,4.61
1.0375333333333334,8.186399999999999,Closed,16,4.61
1.0483500000000001,8.186399999999999,Closed,16,4.61
1.0592000000000001,8.186399999999999,Closed,15,4.61
1.0699666666666667,8.186399999999999,Closed,15,4.61
1.0807666666666667,8.186399999999999,Closed,15,4.61
1.0915500000000002,8.186399999999999,Closed,15,4.61
1.102366666666667,8.186,Closed,15,4.61
1.1132,8.186399999999999,Closed,15,4.61
1.1239833333333336,8.185799999999999,Closed,15,4.61
1.1347666666666667,8.1858,Closed,15,4.61
1.1455666666666668,8.1858,Closed,15,4.61
1.15635,8.1852,Closed,15,4.61
1.1672166666666668,8.184800000000001,Closed,15,4.61
1.1780000000000002,8.1852,Closed,15,4.61
1.1887833333333333,8.1848,Closed,15,4.61
1.1995666666666667,8.1844,Closed,15,4.61
1.2103666666666666,8.1844,Closed,15,4.61
1.2212166666666668,8.1844,Closed,14,4.61
1.232,8.184,Closed,14,4.61
1.2427833333333334,8.184,Closed,14,4.61
1.2536166666666666,8.184,Closed,14,4.61
1.2644166666666667,8.184,Closed,14,4.61
1.2753166666666667,8.183599999999998,Closed,14,4.61
1.2861000000000002,8.183599999999998,Closed,14,4.61
1.2968833333333334,8.1836,Closed,14,4.61
1.3076666666666668,8.1836,Closed,14,4.61
1.3184666666666667,8.1832,Closed,14,4.61
1.3293166666666667,8.1828,Closed,14,4.61
1.3401,8.1828,Closed,14,4.61
1.3508833333333334,8.1822,Closed,14,4.61
1.3616833333333334,8.1822,Closed,14,4.61
1.3724833333333335,8.181799999999999,Closed,14,4.61
1.3833333333333333,8.1814,Closed,13,4.61
1.3941166666666667,8.181399999999998,Closed,13,4.61
1.4049000000000003,8.1814,Closed,13,4.61
1.4157000000000002,8.1818,Closed,13,4.61
1.4264833333333333,8.1822,Closed,13,4.61
1.4373333333333336,8.1818,Closed,13,4.61
1.4481166666666667,8.1822,Closed,13,4.61
1.4589,8.1822,Closed,13,4.61
1.4697,8.1822,Closed,13,4.61
1.4804833333333334,8.181799999999999,Closed,13,4.61
1.4913333333333334,8.181799999999999,Closed,13,4.61
1.5021666666666669,8.1822,Closed,13,4.61
1.51295,8.1822,Closed,13,4.61
1.5238000000000003,8.181799999999999,Closed,13,4.61
1.5346333333333333,8.181799999999999,Closed,13,4.61
1.5454333333333332,8.181799999999999,Closed,13,4.61
1.5562166666666668,8.181799999999999,Closed,12,4.61
1.5670000000000002,8.1814,Closed,12,4.61
1.5778,8.1814,Closed,12,4.61
1.5886333333333336,8.1814,Closed,12,4.61
1.5994333333333335,8.1814,Closed,12,4.61
1.6102166666666666,8.1814,Closed,12,4.61
1.621,8.181399999999998,Closed,12,4.61
1.6318,8.1814,Closed,12,4.61
1.6426333333333334,8.1814,Closed,12,4.61
1.653416666666667,8.1814,Closed,12,4.61
1.664216666666667,8.181999999999999,Closed,12,4.61
1.675,8.181999999999999,Closed,12,4.61
1.6858000000000002,8.181999999999999,Closed,12,4.61
1.6966500000000002,8.183,Closed,12,4.61
1.7074333333333336,8.183399999999999,Closed,12,4.61
1.7182333333333335,8.183,Closed,12,4.61
1.7290333333333334,8.183,Closed,12,4.61
1.7398166666666668,8.1824,Closed,11,4.61
1.7507166666666667,8.181799999999999,Closed,11,4.61
1.7615000000000003,8.181799999999999,Closed,11,4.61
1.77235,8.181799999999999,Closed,11,4.61
1.7831333333333335,8.1818,Closed,11,4.61
1.7939333333333336,8.181399999999998,Closed,11,4.61
1.8047666666666666,8.1818,Closed,11,4.61
1.8155833333333333,8.181799999999999,Closed,11,4.61
1.8263666666666667,8.181799999999999,Closed,11,4.61
1.8371500000000003,8.181799999999999,Closed,11,4.61
1.8479666666666668,8.181799999999999,Closed,11,4.61
1.8587833333333335,8.181799999999999,Closed,11,4.61
1.8695666666666668,8.181799999999999,Closed,11,4.61
1.8803833333333335,8.181799999999999,Closed,11,4.61
1.8911666666666669,8.1824,Closed,11,4.61
1.9019666666666668,8.181799999999999,Closed,11,4.61
1.9128,8.181799999999999,Closed,11,4.61
1.9235833333333334,8.1822,Closed,10,4.61
1.9344000000000001,8.1822,Closed,10,4.61
1.9451833333333335,8.1822,Closed,10,4.61
1.9559833333333334,8.181799999999999,Closed,10,4.61
1.9668166666666667,8.1814,Closed,10,4.61
1.9776,8.181399999999998,Closed,10,4.61
1.9884666666666668,8.181,Closed,10,4.61
1.9992500000000002,8.181,Open,10,4.61
2.0101500000000003,8.183,Open,10,4.61
2.0209333333333337,8.185,Open,10,4.61
2.0317166666666666,8.187000000000001,Open,10,4.61
2.0425166666666668,8.188600000000001,Open,10,4.61
2.053316666666667,8.1906,Open,10,4.61
2.06415,8.1926,Open,10,4.61
2.0749333333333335,8.1946,Open,10,4.61
2.085716666666667,8.1966,Open,10,4.61
2.0965333333333334,8.198599999999999,Open,10,4.61
2.1073333333333335,8.200999999999999,Open,10,4.61
2.1181666666666668,8.203,Open,9,4.61
2.12895,8.205,Open,9,4.61
2.1397333333333335,8.206999999999999,Open,9,4.61
2.1505333333333336,8.209399999999999,Open,9,4.61
2.1613333333333333,8.2114,Open,9,4.61
2.172166666666667,8.2134,Open,9,4.61
2.18295,8.215399999999999,Open,9,4.61
2.1937333333333333,8.217,Open,9,4.61
2.204516666666667,8.219,Open,9,4.61
2.2153333333333336,8.221,Open,9,4.61
2.226166666666667,8.222999999999999,Open,9,4.61
2.23695,8.2246,Open,9,4.61
2.2477333333333336,8.2262,Open,9,4.61
2.2586000000000004,8.2282,Open,9,4.61
2.2693833333333333,8.2302,Open,9,4.61
2.280266666666667,8.2328,Open,9,4.61
2.2910500000000003,8.2358,Open,9,4.61
2.3018333333333336,8.2378,Open,9,4.61
2.31265,8.239799999999999,Open,9,4.61
2.3234500000000002,8.242199999999999,Open,8,4.61
2.3342833333333335,8.2442,Open,8,4.61
2.34505,8.2458,Open,8,4.61
2.3558499999999998,8.2478,Open,8,4.61
2.3666333333333336,8.2498,Open,8,4.61
2.3774500000000005,8.2518,Open,8,4.61
2.3882833333333333,8.2538,Open,8,4.61
2.399066666666667,8.2562,Open,8,4.61
2.40985,8.258199999999999,Open,8,4.61
2.4206333333333334,8.2606,Open,8,4.61
2.43145,8.262599999999999,Open,8,4.61
2.4422833333333336,8.2652,Open,8,4.61
2.4530666666666665,8.267199999999999,Open,8,4.61
2.4638500000000003,8.2688,Open,8,4.61
2.47465,8.2712,Open,8,4.61
2.48545,8.273599999999998,Open,8,4.61
2.4962833333333334,8.276,Open,8,4.61
2.5070666666666668,8.277999999999999,Open,8,4.61
2.51785,8.2804,Open,8,4.61
2.5286500000000003,8.2824,Open,8,4.61
2.5395166666666666,8.2844,Open,8,4.61
2.5503333333333336,8.2844,Open,7,4.61
2.561166666666667,8.2848,Open,7,4.61
2.57195,8.284799999999999,Open,7,4.61
2.58275,8.2852,Open,7,4.61
2.5936000000000003,8.285199999999998,Open,7,4.61
2.6043833333333333,8.2852,Open,7,4.61
2.6151666666666666,8.2856,Open,7,4.61
2.6259500000000005,8.286,Open,7,4.61
2.63675,8.2864,Open,7,4.61
2.6477000000000004,8.286,Open,7,4.61
2.6584833333333338,8.286,Open,7,4.61
2.6692666666666667,8.286399999999999,Open,7,4.61
2.68005,8.2864,Open,7,4.61
2.6908333333333334,8.286,Open,7,4.61
2.7017,8.286,Open,7,4.61
2.7124833333333336,8.286,Open,7,4.61
2.72325,8.286,Open,7,4.61
2.7340500000000003,8.2864,Open,7,4.61
2.7448333333333332,8.2868,Open,7,4.61
2.7557,8.2868,Open,7,4.61
2.7664833333333334,8.2868,Open,7,4.61
2.777266666666667,8.2868,Open,7,4.61
2.78805,8.2868,Open,6,4.61
2.7988333333333335,8.2872,Open,6,4.61
2.8097333333333334,8.2872,Open,6,4.61
2.8205166666666672,8.2876,Open,6,4.61
2.83135,8.2872,Open,6,4.61
2.8421500000000006,8.287199999999999,Open,6,4.61
2.8529333333333335,8.2872,Open,6,4.61
2.863783333333333,8.2868,Open,6,4.61
2.874566666666667,8.2872,Open,6,4.61
2.8853500000000003,8.2872,Open,6,4.61
2.89615,8.2872,Open,6,4.61
2.9069333333333334,8.287199999999999,Open,6,4.61
2.9177666666666666,8.2872,Open,6,4.61
2.9285666666666668,8.287199999999999,Open,6,4.61
2.93935,8.2868,Open,6,4.61
2.9501500000000003,8.2872,Open,6,4.61
2.96095,8.2868,Open,6,4.61
2.9717833333333337,8.2872,Open,6,4.61
2.9825666666666666,8.287199999999999,Open,6,4.61
2.9933666666666667,8.2876,Open,6,4.61
3.0041500000000005,8.2876,Open,6,4.61
3.0149500000000002,8.287199999999999,Open,6,4.61
3.025783333333334,8.286800000000001,Open,6,4.61
3.0365833333333336,8.2864,Open,5,4.61
3.047366666666667,8.2864,Open,5,4.61
3.05815,8.286,Open,5,4.61
3.06895,8.286,Open,5,4.61
3.0797833333333333,8.286,Open,5,4.61
3.090633333333334,8.286,Open,5,4.61
3.1014166666666667,8.285599999999999,Open,5,4.61
3.112266666666667,8.286,Open,5,4.61
3.1231000000000004,8.285599999999999,Open,5,4.61
3.133883333333334,8.2856,Open,5,4.61
3.1446833333333335,8.286,Open,5,4.61
3.155466666666667,8.285599999999999,Open,5,4.61
3.1662500000000002,8.285199999999998,Open,5,4.61
3.1771000000000003,8.2848,Open,5,4.61
3.1878833333333336,8.284799999999999,Open,5,4.61
3.198666666666667,8.284799999999999,Open,5,4.61
3.2094666666666667,8.2844,Open,5,4.61
3.22025,8.284799999999999,Open,5,4.61
3.2311,8.2852,Open,5,4.61
3.2418666666666667,8.285599999999999,Open,5,4.61
3.2526500000000005,8.2856,Open,5,4.61
3.263466666666667,8.286,Open,5,4.61
3.2742500000000003,8.285599999999999,Open,5,4.61
3.2851000000000004,8.2852,Open,5,4.61
3.295866666666667,8.2852,Open,5,4.61
3.3066666666666666,8.2852,Open,5,4.61
3.317466666666667,8.2852,Open,4,4.61
3.32825,8.2852,Open,4,4.61
3.3391,8.2848,Open,4,4.61
3.3498666666666668,8.284799999999999,Open,4,4.61
3.36065,8.2844,Open,4,4.61
3.371516666666667,8.2844,Open,4,4.61
3.3823000000000003,8.2848,Open,4,4.61
3.3931833333333334,8.284799999999999,Open,4,4.61
3.403966666666667,8.2848,Open,4,4.61
3.41475,8.2844,Open,4,4.61
3.4255500000000003,8.2844,Open,4,4.61
3.43635,8.2844,Open,4,4.61
3.4471833333333337,8.2844,Open,4,4.61
3.4579666666666666,8.2848,Open,4,4.61
3.46875,8.2848,Open,4,4.61
3.479533333333334,8.284799999999999,Open,4,4.61
3.4903500000000003,8.2844,Open,4,4.61
3.501183333333334,8.2848,Open,4,4.61
3.51195,8.2844,Open,4,4.61
3.5227333333333335,8.2844,Open,4,4.61
3.533533333333333,8.283999999999999,Open,4,4.61
3.544333333333334,8.2844,Open,4,4.61
3.5551666666666666,8.2844,Open,4,4.61
3.5659500000000004,8.2844,Open,4,4.61
3.5767333333333338,8.2844,Open,4,4.61
3.5875166666666667,8.2844,Open,4,4.61
3.5983333333333336,8.2848,Open,4,4.61
3.609166666666667,8.285199999999998,Open,4,4.61
3.6199500000000002,8.2852,Open,3,4.61
3.6307333333333336,8.2852,Open,3,4.61
3.6415833333333336,8.2852,Open,3,4.61
3.6523833333333333,8.284799999999999,Open,3,4.61
3.663266666666667,8.2848,Open,3,4.61
3.6740333333333335,8.2852,Open,3,4.61
3.684833333333333,8.2852,Open,3,4.61
3.695616666666667,8.285599999999999,Open,3,4.61
3.7064833333333334,8.2856,Open,3,4.61
3.7172666666666667,8.285599999999999,Open,3,4.61
3.7280333333333338,8.286,Open,3,4.61
3.7388333333333335,8.285599999999999,Open,3,4.61
3.749616666666667,8.285599999999999,Open,3,4.61
3.760466666666667,8.2856,Open,3,4.61
3.77125,8.2852,Open,3,4.61
3.7820333333333336,8.2852,Open,3,4.61
3.792816666666667,8.285199999999998,Open,3,4.61
3.803616666666667,8.2848,Open,3,4.61
3.8144500000000003,8.284799999999999,Open,3,4.61
3.82525,8.2848,Open,3,4.61
3.8360333333333334,8.284799999999999,Open,3,4.61
3.846816666666667,8.2852,Open,3,4.61
3.8576,8.285599999999999,Open,3,4.61
3.868433333333334,8.285599999999999,Open,3,4.61
3.8792333333333335,8.285599999999999,Open,3,4.61
3.890016666666667,8.285599999999999,Open,3,4.61
3.9008,8.285599999999999,Open,3,4.61
3.9116000000000004,8.285599999999999,Open,3,4.61
3.9224833333333335,8.2852,Open,3,4.61
3.9332833333333337,8.2852,Open,3,4.61
3.944116666666667,8.2852,Open,3,4.61
3.9549000000000003,8.2852,Open,2,4.61
3.9657,8.2852,Open,2,4.61
3.9765333333333337,8.2852,Open,2,4.61
3.9873166666666666,8.285599999999999,Open,2,4.61
3.9981000000000004,8.2852,Open,2,4.61
4.008883333333333,8.2842,Closed,2,4.7
4.019683333333334,8.2822,Closed,2,4.7
4.0305,8.2802,Closed,2,4.7
4.041283333333333,8.2778,Closed,2,4.7
4.052083333333334,8.2752,Closed,2,4.7
4.062883333333334,8.273599999999998,Closed,2,4.7
4.073683333333333,8.2716,Closed,2,4.7
4.0845,8.2692,Closed,2,4.7
4.095283333333334,8.2672,Closed,2,4.7
4.1061000000000005,8.2656,Closed,2,4.7
4.116883333333333,8.263,Closed,2,4.7
4.127683333333334,8.261,Closed,2,4.7
4.138516666666667,8.2586,Closed,2,4.7
4.149283333333334,8.256599999999999,Closed,2,4.7
4.160083333333334,8.2546,Closed,2,4.7
4.170883333333333,8.2526,Closed,2,4.7
4.181733333333334,8.250599999999999,Closed,2,4.7
4.192566666666667,8.2486,Closed,2,4.7
4.203383333333333,8.246599999999999,Closed,2,4.7
4.2142,8.2442,Closed,2,4.7
4.224983333333333,8.241800000000001,Closed,2,4.7
4.235833333333334,8.2394,Closed,2,4.7
4.246616666666667,8.2374,Closed,2,4.7
4.2574000000000005,8.2354,Closed,2,4.7
4.268200000000001,8.232999999999999,Closed,2,4.7
4.279,8.2304,Closed,2,4.7
4.289933333333334,8.228399999999999,Closed,2,4.7
4.300716666666667,8.225999999999999,Closed,2,4.7
4.3115,8.224,Closed,1,4.7
4.3223,8.2216,Closed,1,4.7
4.3331,8.2196,Closed,1,4.7
4.343933333333334,8.218,Closed,1,4.7
4.354716666666667,8.216000000000001,Closed,1,4.7
4.3655,8.214,Closed,1,4.7
4.3763000000000005,8.2124,Closed,1,4.7
4.3871,8.21,Closed,1,4.7
4.3979333333333335,8.2076,Closed,1,4.7
4.408716666666667,8.2056,Closed,1,4.7
4.4195,8.2036,Closed,1,4.7
4.430366666666667,8.201,Closed,1,4.7
4.4411499999999995,8.199399999999999,Closed,1,4.7
4.4520333333333335,8.1974,Closed,1,4.7
4.462816666666667,8.1954,Closed,1,4.7
4.4736,8.1934,Closed,1,4.7
4.484416666666666,8.1914,Closed,1,4.7
4.4952,8.1888,Closed,1,4.7
4.506033333333334,8.1868,Closed,1,4.7
4.516816666666667,8.184800000000001,Closed,1,4.7
4.5276000000000005,8.1824,Closed,1,4.7
4.5384,8.180399999999999,Closed,1,4.7
4.549216666666667,8.1794,Closed,1,4.7
4.56005,8.1794,Closed,1,4.7
4.570833333333334,8.1794,Closed,1,4.7
4.581616666666666,8.1794,Closed,1,4.7
4.5924000000000005,8.18,Closed,1,4.7
4.603216666666667,8.1796,Closed,1,4.7
4.614050000000001,8.1796,Closed,1,4.7
4.624833333333333,8.1796,Closed,1,4.7
4.6356166666666665,8.179,Closed,1,4.7
4.6464,8.1786,Closed,1,4.7
4.657216666666667,8.1792,Closed,1,4.7
4.66805,8.1786,Closed,1,4.7
4.678866666666667,8.1786,Closed,1,4.7
4.68965,8.1782,Closed,1,4.7
4.700500000000001,8.1786,Closed,1,4.7
4.71135,8.1786,Closed,1,4.7
4.722133333333334,8.1786,Closed,1,4.7
4.732916666666667,8.177999999999999,Closed,0,4.7
4.7437000000000005,8.177999999999999,Closed,1,4.7
4.754500000000001,8.177999999999999,Closed,0,4.7
4.765366666666667,8.177399999999999,Closed,0,4.7
4.776133333333334,8.1774,Closed,0,4.7
4.786916666666667,8.1774,Closed,0,4.7
4.797716666666667,8.1774,Closed,0,4.7
4.8084999999999996,8.1774,Closed,0,4.7
4.81935,8.1774,Closed,0,4.7
4.830133333333333,8.1774,Closed,0,4.7
4.840916666666668,8.1774,Closed,0,4.7
4.8517,8.1768,Closed,0,4.7
4.8625,8.1768,Closed,0,4.7
4.873333333333334,8.1762,Closed,0,4.7
4.884133333333334,8.1758,Closed,0,4.7
4.894916666666666,8.175799999999999,Closed,0,4.7
4.9057,8.175799999999999,Closed,0,4.7
4.9165,8.1754,Closed,0,4.7
4.927333333333334,8.1748,Closed,0,4.7
4.938183333333333,8.174199999999999,Closed,0,4.7
4.948966666666667,8.174199999999999,Closed,0,4.7
4.959716666666667,8.174199999999999,Closed,0,4.7
4.970516666666667,8.174199999999999,Closed,0,4.7
4.981350000000001,8.173200000000001,Closed,0,4.7
4.99215,8.1732,Closed,0,4.7
5.002933333333334,8.1726,Closed,0,4.7
5.013716666666667,8.1726,Closed,0,4.7
5.024516666666667,8.1726,Closed,0,4.7
5.03535,8.1732,Closed,0,4.7
5.046116666666666,8.1732,Closed,0,4.7
5.056933333333333,8.1732,Closed,0,4.7
5.0677166666666675,8.1732,Closed,0,4.7
5.078500000000001,8.173200000000001,Closed,0,4.7
5.0893500000000005,8.173200000000001,Closed,0,4.7
5.100116666666667,8.173200000000001,Closed,0,4.7
5.110916666666667,8.173200000000001,Closed,0,4.7
5.121716666666667,8.1732,Closed,0,4.7
5.132500000000001,8.1732,Closed,0,4.7
5.14335,8.1726,Closed,0,4.7
5.154133333333334,8.1726,Closed,0,4.7
5.164933333333334,8.1726,Closed,0,4.7
5.175716666666667,8.1726,Closed,0,4.7
5.186566666666667,8.171999999999999,Closed,0,4.7
5.1974,8.171999999999999,Closed,0,4.7
5.208216666666667,8.1726,Closed,0,4.7
5.219033333333333,8.171999999999999,Closed,0,4.7
5.229816666666667,8.171999999999999,Closed,0,4.7
5.240616666666667,8.171,Closed,0,4.7
5.251433333333334,8.171,Closed,0,4.7
5.262216666666666,8.171,Closed,0,4.7
5.273016666666667,8.1716,Closed,0,4.7
5.283816666666667,8.1716,Closed,0,4.7
5.294600000000001,8.171,Closed,0,4.7
5.305433333333334,8.171,Closed,0,4.7
5.316216666666667,8.171,Closed,0,4.7
5.327,8.171,Closed,0,4.7
5.337816666666667,8.170399999999999,Closed,0,4.7
5.3486,8.170399999999999,Closed,0,4.7
5.3594333333333335,8.171,Closed,0,4.7
5.370216666666667,8.171,Closed,0,4.7
5.381,8.171,Closed,0,4.7
5.391800000000001,8.171600000000002,Closed,0,4.7
5.4026000000000005,8.1716,Closed,0,4.7
5.413433333333334,8.172199999999998,Closed,0,4.7
5.424216666666667,8.172199999999998,Closed,0,4.7
5.43505,8.171600000000002,Closed,0,4.7
5.445866666666666,8.171,Closed,0,4.7
5.45675,8.171,Closed,0,4.7
5.467533333333334,8.1716,Closed,0,4.7
5.478300000000001,8.1722,Closed,0,4.7
5.4891,8.1722,Closed,0,4.7
5.499916666666667,8.172199999999998,Closed,0,4.7
5.510750000000001,8.1728,Closed,0,4.7
5.521533333333334,8.173399999999999,Closed,-1,4.7
5.532316666666667,8.1734,Closed,-1,4.7
5.5431,8.173399999999999,Closed,-1,4.7
5.5539000000000005,8.1728,Closed,-1,4.7
5.564750000000001,8.1728,Closed,-1,4.7
5.575516666666667,8.1728,Closed,-1,4.7
5.5863,8.1728,Closed,-1,4.7
5.5971,8.1728,Closed,-1,4.7
5.6078833333333336,8.1728,Closed,-1,4.7
5.618733333333334,8.1728,Closed,-1,4.7
5.6295166666666665,8.1728,Closed,-1,4.7
5.6403,8.1728,Closed,-1,4.7
5.651083333333333,8.1728,Closed,-1,4.7
5.661883333333334,8.1728,Closed,-1,4.7
5.672733333333334,8.1722,Closed,-1,4.7
5.68355,8.172199999999998,Closed,-1,4.7
5.69435,8.1716,Closed,-1,4.7
5.705183333333334,8.171600000000002,Closed,-1,4.7
5.715983333333333,8.1722,Closed,-1,4.7
5.726816666666667,8.1722,Closed,-1,4.7
5.7376000000000005,8.1722,Closed,-1,4.7
5.748383333333334,8.1722,Closed,-1,4.7
5.759183333333334,8.1728,Closed,-1,4.7
5.769966666666667,8.1722,Closed,-1,4.7
5.780816666666667,8.1728,Closed,-1,4.7
5.791600000000001,8.1728,Closed,-1,4.7
5.802383333333334,8.1728,Closed,-1,4.7
5.813166666666667,8.1722,Closed,-1,4.7
5.823966666666667,8.1716,Closed,-1,4.7
5.834816666666667,8.172199999999998,Closed,-1,4.7
5.845600000000001,8.1722,Closed,-1,4.7
5.856383333333334,8.1722,Closed,-1,4.7
5.867166666666667,8.1716,Closed,-1,4.7
5.877966666666667,8.1722,Closed,-1,4.7
5.888800000000001,8.1722,Closed,-1,4.7
5.899583333333334,8.1722,Closed,-1,4.7
5.910383333333334,8.1716,Closed,-1,4.7
5.921216666666667,8.171,Closed,-1,4.7
5.93205,8.171,Closed,-1,4.7
5.9429,8.1704,Closed,-1,4.7
5.953683333333333,8.1704,Closed,-1,4.7
5.964466666666667,8.170399999999999,Closed,-1,4.7
5.975266666666667,8.171,Closed,-1,4.7
5.9860999999999995,8.1716,Closed,-1,4.7
5.996866666666667,8.1716,Closed,-1,4.7
6.0076833333333335,8.1716,Open,-1,4.7
6.018466666666667,8.173,Open,-1,4.7
6.02925,8.175,Open,-1,4.7
6.0401,8.177,Open,-1,4.7
6.050866666666667,8.179,Open,-1,4.7
6.061666666666667,8.181000000000001,Open,-1,4.7
6.072466666666667,8.183,Open,-1,4.7
6.0832500000000005,8.1856,Open,-1,4.7
6.094083333333334,8.1876,Open,-1,4.7
6.104866666666667,8.189599999999999,Open,-1,4.7
6.115666666666667,8.190999999999999,Open,-1,4.7
6.126450000000001,8.193000000000001,Open,-1,4.7
6.13725,8.195,Open,-1,4.7
6.148083333333334,8.1964,Open,-1,4.7
6.158866666666667,8.1984,Open,-1,4.7
6.169650000000001,8.2004,Open,-2,4.7
6.1805,8.2024,Open,-2,4.7
6.191283333333334,8.2044,Open,-2,4.7
6.202166666666667,8.206399999999999,Open,-2,4.7
6.212950000000001,8.209,Open,-2,4.7
6.223733333333334,8.211599999999999,Open,-2,4.7
6.234533333333333,8.2142,Open,-2,4.7
6.245333333333334,8.216199999999999,Open,-2,4.7
6.256150000000001,8.2182,Open,-2,4.7
6.266933333333333,8.220799999999999,Open,-2,4.7
6.277716666666667,8.2228,Open,-2,4.7
6.2885333333333335,8.224799999999998,Open,-2,4.7
6.299316666666667,8.2272,Open,-2,4.7
6.310150000000001,8.229800000000001,Open,-2,4.7
6.3209333333333335,8.2318,Open,-2,4.7
6.331716666666667,8.233799999999999,Open,-2,4.7
6.3425166666666675,8.235199999999999,Open,-2,4.7
6.353316666666667,8.2378,Open,-2,4.7
6.364133333333333,8.2404,Open,-2,4.7
6.374916666666667,8.2424,Open,-2,4.7
6.3857,8.245,Open,-2,4.7
6.3965000000000005,8.247,Open,-2,4.7
6.407300000000001,8.2496,Open,-2,4.7
6.4181333333333335,8.251,Open,-2,4.7
6.4289000000000005,8.253,Open,-2,4.7
6.439733333333334,8.254999999999999,Open,-2,4.7
6.450533333333334,8.257,Open,-2,4.7
6.461433333333334,8.2596,Open,-2,4.7
6.472216666666667,8.261000000000001,Open,-2,4.7
6.4830000000000005,8.263599999999999,Open,-2,4.7
6.493783333333334,8.2656,Open,-2,4.7
6.504583333333334,8.267000000000001,Open,-2,4.7
6.515433333333334,8.269,Open,-2,4.7
6.5262,8.271,Open,-2,4.7
6.5369833333333345,8.273,Open,-2,4.7
6.547783333333333,8.275,Open,-2,4.7
6.558566666666667,8.275599999999999,Open,-2,4.7
6.569416666666667,8.275599999999999,Open,-2,4.7
6.5802000000000005,8.275599999999999,Open,-2,4.7
6.590983333333333,8.275599999999999,Open,-2,4.7
6.601766666666667,8.274999999999999,Open,-2,4.7
6.612566666666667,8.275,Open,-2,4.7
6.623416666666667,8.274999999999999,Open,-2,4.7
6.634183333333334,8.275599999999999,Open,-2,4.7
6.644983333333333,8.275599999999999,Open,-2,4.7
6.655766666666667,8.2762,Open,-2,4.7
6.666550000000001,8.2762,Open,-2,4.7
6.6774000000000004,8.2762,Open,-2,4.7
6.688183333333333,8.2768,Open,-2,4.7
6.699016666666667,8.2768,Open,-2,4.7
6.709816666666667,8.2768,Open,-2,4.7
6.720650000000001,8.2768,Open,-2,4.7
6.7315000000000005,8.2768,Open,-2,4.7
6.742266666666667,8.276799999999998,Open,-2,4.7
6.753050000000001,8.2768,Open,-2,4.7
6.763850000000001,8.2762,Open,-2,4.7
6.77465,8.2762,Open,-2,4.7
6.785466666666667,8.2762,Open,-2,4.7
6.796266666666667,8.2762,Open,-2,4.7
6.80705,8.2762,Open,-2,4.7
6.817850000000001,8.2762,Open,-2,4.7
6.8286500000000006,8.2762,Open,-2,4.7
6.8394666666666675,8.275799999999998,Open,-2,4.7
6.850266666666667,8.275799999999998,Open,-2,4.7
6.8610500000000005,8.275799999999998,Open,-2,4.7
6.871833333333333,8.2758,Open,-2,4.7
6.882633333333334,8.2764,Open,-2,4.7
6.8934500000000005,8.2764,Open,-2,4.7
6.904233333333334,8.2758,Open,-2,4.7
6.9150333333333345,8.275799999999998,Open,-2,4.7
6.925833333333333,8.275799999999998,Open,-2,4.7
6.936616666666667,8.275799999999998,Open,-2,4.7
6.947450000000001,8.275799999999998,Open,-2,4.7
6.958233333333334,8.2764,Open,-2,4.7
6.969083333333334,8.2768,Open,-2,4.7
6.979866666666667,8.2768,Open,-2,4.7
6.990750000000001,8.2774,Open,-2,4.7
7.001533333333334,8.277399999999998,Open,-2,4.7
7.012316666666667,8.277999999999999,Open,-2,4.7
7.023116666666667,8.277999999999999,Open,-2,4.7
7.033916666666667,8.277399999999998,Open,-3,4.7
7.04475,8.277999999999999,Open,-3,4.7
7.055533333333334,8.277999999999999,Open,-3,4.7
7.0663,8.277999999999999,Open,-3,4.7
7.077116666666667,8.277999999999999,Open,-3,4.7
7.0879,8.277999999999999,Open,-3,4.7
7.09875,8.277999999999999,Open,-3,4.7
7.109516666666667,8.277999999999999,Open,-3,4.7
7.1203,8.277999999999999,Open,-3,4.7
7.131100000000001,8.277999999999999,Open,-3,4.7
7.141900000000001,8.2786,Open,-3,4.7
7.152733333333334,8.278599999999999,Open,-3,4.7
7.163516666666667,8.2786,Open,-3,4.7
7.174300000000001,8.278599999999999,Open,-3,4.7
7.185083333333334,8.2786,Open,-3,4.7
7.1959,8.278599999999999,Open,-3,4.7
7.206733333333334,8.2786,Open,-3,4.7
7.2175166666666675,8.278599999999999,Open,-3,4.7
7.228333333333334,8.278599999999999,Open,-3,4.7
7.239133333333333,8.278599999999999,Open,-3,4.7
7.249983333333334,8.278599999999999,Open,-3,4.7
7.260816666666667,8.278599999999999,Open,-3,4.7
7.271600000000001,8.278599999999999,Open,-3,4.7
7.282383333333334,8.2786,Open,-3,4.7
7.293166666666667,8.278599999999999,Open,-3,4.7
7.303983333333334,8.279599999999999,Open,-3,4.7
7.314800000000001,8.2796,Open,-3,4.7
7.325583333333333,8.279599999999999,Open,-3,4.7
7.336366666666667,8.2796,Open,-3,4.7
7.347166666666667,8.279599999999999,Open,-3,4.7
7.357950000000001,8.279599999999999,Open,-3,4.7
7.368800000000001,8.279599999999999,Open,-3,4.7
7.379583333333334,8.279599999999999,Open,-3,4.7
7.390366666666667,8.279599999999999,Open,-3,4.7
7.40115,8.279599999999999,Open,-3,4.7
7.411950000000001,8.279599999999999,Open,-3,4.7
7.422783333333333,8.279599999999999,Open,-3,4.7
7.433583333333334,8.279599999999999,Open,-3,4.7
7.444366666666667,8.280199999999999,Open,-3,4.7
7.455150000000001,8.2802,Open,-3,4.7
7.465950000000001,8.2802,Open,-3,4.7
7.476783333333334,8.2802,Open,-3,4.7
7.487566666666667,8.2802,Open,-3,4.7
7.498400000000001,8.2802,Open,-3,4.7
7.509183333333334,8.2798,Open,-3,4.7
7.519983333333333,8.2798,Open,-3,4.7
7.530783333333334,8.2798,Open,-3,4.7
7.541566666666667,8.2798,Open,-3,4.7
7.552350000000001,8.279199999999998,Open,-3,4.7
7.563133333333334,8.2792,Open,-3,4.7
7.573966666666667,8.2798,Open,-3,4.7
7.5847500000000005,8.2798,Open,-3,4.7
7.59555,8.2798,Open,-3,4.7
7.6063333333333345,8.2798,Open,-3,4.7
7.617133333333333,8.2798,Open,-3,4.7
7.6279666666666675,8.2798,Open,-3,4.7
7.638750000000001,8.2798,Open,-3,4.7
7.649533333333334,8.2798,Open,-3,4.7
7.660333333333333,8.2798,Open,-3,4.7
7.671116666666667,8.2798,Open,-3,4.7
7.6819500000000005,8.2798,Open,-3,4.7
7.692733333333334,8.2798,Open,-3,4.7
7.703516666666667,8.2798,Open,-3,4.7
7.714316666666667,8.2798,Open,-3,4.7
7.725116666666667,8.2798,Open,-3,4.7
7.735950000000001,8.2798,Open,-3,4.7
7.746733333333334,8.2798,Open,-3,4.7
7.75755,8.2798,Open,-3,4.7
7.768366666666667,8.2798,Open,-3,4.7
7.7792,8.2798,Open,-3,4.7
7.7900333333333345,8.2798,Open,-3,4.7
7.800816666666667,8.2798,Open,-3,4.7
7.8116,8.2798,Open,-3,4.7
7.822400000000001,8.2798,Open,-3,4.7
7.833200000000001,8.2798,Open,-3,4.7
7.844016666666667,8.279399999999999,Open,-3,4.7
7.8548,8.279399999999999,Open,-3,4.7
7.865583333333333,8.279399999999999,Open,-3,4.7
7.876383333333334,8.279399999999999,Open,-3,4.7
7.8871833333333345,8.2798,Open,-3,4.7
7.898016666666667,8.2798,Open,-3,4.7
7.9088,8.2798,Open,-3,4.7
7.919583333333334,8.2798,Open,-3,4.7
7.930366666666667,8.2798,Open,-3,4.7
7.941183333333333,8.2798,Open,-3,4.7
7.952016666666667,8.2792,Open,-3,4.7
7.962783333333334,8.2792,Open,-3,4.7
7.973566666666668,8.2792,Open,-3,4.7
7.984366666666667,8.2792,Open,-3,4.7
7.995166666666667,8.2792,Open,-3,4.7
8.005983333333335,8.2792,Open,-3,4.7
8.0226,8.2776,Closed,-3,5.21
8.033383333333335,8.275599999999999,Closed,-3,5.21
8.044233333333334,8.272999999999998,Closed,-3,5.21
8.055016666666667,8.2704,Closed,-3,5.21
8.065850000000001,8.2684,Closed,-3,5.21
8.076616666666668,8.266399999999999,Closed,-3,5.21
8.0874,8.2644,Closed,-3,5.21
8.098183333333333,8.263,Closed,-3,5.21
8.108983333333335,8.260399999999999,Closed,-3,5.21
8.119816666666667,8.2584,Closed,-3,5.21
8.1306,8.2564,Closed,-3,5.21
8.142033333333334,8.2538,Closed,-3,5.21
8.152800000000001,8.251199999999999,Closed,-4,5.21
8.1636,8.2492,Closed,-4,5.21
8.17445,8.246599999999999,Closed,-4,5.21
8.185216666666667,8.2446,Closed,-4,5.21
8.196000000000002,8.241999999999999,Closed,-4,5.21
8.206783333333334,8.2394,Closed,-4,5.21
8.217566666666666,8.2374,Closed,-4,5.21
8.228433333333333,8.2354,Closed,-4,5.21
8.2392,8.2334,Closed,-4,5.21
8.249983333333335,8.2314,Closed,-4,5.21
8.260766666666667,8.2294,Closed,-4,5.21
8.271600000000001,8.2274,Closed,-4,5.21
8.2825,8.2254,Closed,-4,5.21
8.293283333333333,8.2234,Closed,-4,5.21
8.304066666666667,8.2214,Closed,-4,5.21
8.31485,8.2188,Closed,-4,5.21
8.325650000000001,8.2162,Closed,-4,5.21
8.336483333333334,8.2142,Closed,-4,5.21
8.347266666666666,8.212200000000001,Closed,-4,5.21
8.35805,8.2102,Closed,-4,5.21
8.36885,8.2076,Closed,-4,5.21
8.379633333333334,8.205599999999999,Closed,-4,5.21
8.390466666666667,8.203,Closed,-4,5.21
8.401266666666666,8.2004,Closed,-4,5.21
8.41205,8.197799999999999,Closed,-4,5.21
8.422833333333333,8.195200000000002,Closed,-4,5.21
8.433633333333335,8.1928,Closed,-4,5.21
8.444466666666667,8.1908,Closed,-4,5.21
8.455250000000001,8.1882,Closed,-4,5.21
8.466033333333334,8.1862,Closed,-4,5.21
8.476833333333333,8.184199999999999,Closed,-4,5.21
8.487616666666666,8.1822,Closed,-4,5.21
8.49845,8.1808,Closed,-4,5.21
8.509300000000001,8.1782,Closed,-4,5.21
8.520083333333334,8.1756,Closed,-4,5.21
8.530916666666666,8.173,Closed,-4,5.21
8.541766666666668,8.170399999999999,Closed,-4,5.21
8.552533333333335,8.1678,Closed,-4,5.21
8.563333333333334,8.1668,Closed,-4,5.21
8.574116666666667,8.1662,Closed,-4,5.21
8.584916666666667,8.1662,Closed,-4,5.21
8.59575,8.1662,Closed,-4,5.21
8.606516666666668,8.1662,Closed,-4,5.21
8.6173,8.1656,Closed,-4,5.21
8.6281,8.165600000000001,Closed,-4,5.21
8.638900000000001,8.165600000000001,Closed,-4,5.21
8.649733333333334,8.1662,Closed,-4,5.21
8.6605,8.1662,Closed,-4,5.21
8.671283333333333,8.1656,Closed,-4,5.21
8.682083333333335,8.1656,Closed,-4,5.21
8.692883333333333,8.1662,Closed,-4,5.21
8.703716666666669,8.165600000000001,Closed,-4,5.21
8.714483333333334,8.1656,Closed,-4,5.21
8.725266666666668,8.165000000000001,Closed,-4,5.21
8.73605,8.1656,Closed,-4,5.21
8.746916666666667,8.165600000000001,Closed,-4,5.21
8.75775,8.165,Closed,-4,5.21
8.768566666666667,8.1644,Closed,-4,5.21
8.77935,8.1638,Closed,-4,5.21
8.790133333333333,8.1632,Closed,-4,5.21
8.80095,8.1632,Closed,-4,5.21
8.811766666666667,8.1626,Closed,-4,5.21
8.822550000000001,8.162,Closed,-4,5.21
8.833333333333334,8.1614,Closed,-4,5.21
8.844116666666668,8.1614,Closed,-4,5.21
8.854933333333333,8.161999999999999,Closed,-4,5.21
8.865766666666667,8.162,Closed,-4,5.21
8.876550000000002,8.162,Closed,-4,5.21
8.887333333333334,8.1614,Closed,-4,5.21
8.898116666666668,8.1608,Closed,-4,5.21
8.908916666666668,8.1608,Closed,-4,5.21
8.91975,8.1602,Closed,-4,5.21
8.930533333333333,8.160200000000001,Closed,-4,5.21
8.941316666666667,8.1602,Closed,-4,5.21
8.952100000000002,8.1602,Closed,-4,5.21
8.9629,8.1602,Closed,-4,5.21
8.973733333333334,8.160200000000001,Closed,-4,5.21
8.984566666666668,8.160200000000001,Closed,-4,5.21
8.99535,8.1608,Closed,-4,5.21
9.006183333333333,8.1602,Closed,-4,5.21
9.017033333333334,8.159600000000001,Closed,-4,5.21
9.027816666666666,8.159,Closed,-4,5.21
9.038583333333333,8.159,Closed,-4,5.21
9.049383333333335,8.1596,Closed,-4,5.21
9.060166666666667,8.1602,Closed,-4,5.21
9.071,8.160200000000001,Closed,-4,5.21
9.0818,8.1602,Closed,-4,5.21
9.092583333333334,8.1608,Closed,-4,5.21
9.103366666666666,8.1614,Closed,-4,5.21
9.11415,8.1614,Closed,-4,5.21
9.125,8.1614,Closed,-4,5.21
9.135783333333334,8.1614,Closed,-4,5.21
9.146566666666667,8.1608,Closed,-4,5.21
9.157350000000001,8.1614,Closed,-4,5.21
9.168133333333335,8.1608,Closed,-4,5.21
9.178983333333333,8.1602,Closed,-4,5.21
9.189766666666667,8.159600000000001,Closed,-4,5.21
9.20055,8.158999999999999,Closed,-4,5.21
9.211350000000001,8.158999999999999,Closed,-4,5.21
9.222133333333336,8.159,Closed,-4,5.21
9.233016666666666,8.1584,Closed,-4,5.21
9.243850000000002,8.158,Closed,-4,5.21
9.254633333333334,8.1586,Closed,-4,5.21
9.265433333333334,8.1586,Closed,-4,5.21
9.276216666666667,8.1586,Closed,-4,5.21
9.28705,8.1586,Closed,-4,5.21
9.297816666666668,8.1586,Closed,-4,5.21
9.308616666666667,8.1586,Closed,-4,5.21
9.3194,8.1586,Closed,-4,5.21
9.3302,8.1586,Closed,-4,5.21
9.341033333333334,8.158000000000001,Closed,-4,5.21
9.3518,8.158,Closed,-4,5.21
9.362600000000002,8.158000000000001,Closed,-4,5.21
9.3734,8.158,Closed,-4,5.21
9.384183333333334,8.1574,Closed,-4,5.21
9.395016666666667,8.1568,Closed,-4,5.21
9.405783333333334,8.156799999999999,Closed,-4,5.21
9.416566666666666,8.1562,Closed,-4,5.21
9.427383333333333,8.1562,Closed,-4,5.21
9.438166666666667,8.156200000000002,Closed,-4,5.21
9.449000000000002,8.1562,Closed,-4,5.21
9.459783333333332,8.1568,Closed,-4,5.21
9.4706,8.1574,Closed,-4,5.21
9.481416666666666,8.158000000000001,Closed,-4,5.21
9.4923,8.1586,Closed,-4,5.21
9.503083333333334,8.1586,Closed,-4,5.21
9.51385,8.158,Closed,-4,5.21
9.524650000000001,8.1574,Closed,-4,5.21
9.53545,8.1574,Closed,-4,5.21
9.546283333333333,8.1574,Closed,-4,5.21
9.557066666666667,8.1574,Closed,-4,5.21
9.567833333333335,8.1574,Closed,-4,5.21
9.578616666666667,8.156799999999999,Closed,-4,5.21
9.589416666666667,8.156200000000002,Closed,-4,5.21
9.600266666666668,8.1562,Closed,-4,5.21
9.611033333333333,8.1562,Closed,-4,5.21
9.621816666666668,8.1562,Closed,-4,5.21
9.6326,8.1556,Closed,-4,5.21
9.643400000000002,8.155,Closed,-4,5.21
9.65425,8.155,Closed,-4,5.21
9.665016666666668,8.155,Closed,-4,5.21
9.6758,8.155,Closed,-4,5.21
9.6866,8.155000000000001,Closed,-4,5.21
9.697383333333335,8.1544,Closed,-4,5.21
9.708283333333334,8.1544,Closed,-4,5.21
9.719066666666667,8.1544,Closed,-4,5.21
9.729883333333333,8.154399999999999,Closed,-4,5.21
9.740683333333333,8.155,Closed,-4,5.21
9.751466666666667,8.155000000000001,Closed,-4,5.21
9.762316666666667,8.1546,Closed,-4,5.21
9.773100000000001,8.1546,Closed,-4,5.21
9.783883333333334,8.155,Closed,-4,5.21
9.794666666666668,8.1544,Closed,-4,5.21
9.805466666666668,8.154399999999999,Closed,-4,5.21
9.816316666666667,8.1538,Closed,-4,5.21
9.827083333333333,8.1538,Closed,-4,5.21
9.837883333333334,8.1534,Closed,-4,5.21
9.848666666666668,8.1534,Closed,-4,5.21
9.85945,8.154000000000002,Closed,-4,5.21
9.870283333333333,8.154000000000002,Closed,-4,5.21
9.881083333333333,8.154,Closed,-4,5.21
9.891866666666667,8.154000000000002,Closed,-4,5.21
9.90265,8.154,Closed,-5,5.21
9.913450000000001,8.154000000000002,Closed,-4,5.21
9.924266666666666,8.154000000000002,Closed,-4,5.21
9.935066666666668,8.154,Closed,-5,5.21
9.9459,8.154000000000002,Closed,-5,5.21
9.956683333333334,8.154,Closed,-5,5.21
9.967583333333334,8.154000000000002,Closed,-5,5.21
9.97835,8.154,Closed,-5,5.21
9.98915,8.154,Closed,-5,5.21
9.999933333333333,8.1534,Closed,-5,5.21
10.010733333333333,8.1534,Open,-5,5.21
10.021566666666667,8.1554,Open,-5,5.21
10.032333333333334,8.1568,Open,-5,5.21
10.043133333333335,8.1594,Open,-5,5.21
10.053916666666668,8.162,Open,-5,5.21
10.064716666666667,8.164,Open,-5,5.21
10.07555,8.166,Open,-5,5.21
10.086316666666669,8.168000000000001,Open,-5,5.21
10.097100000000001,8.170000000000002,Open,-5,5.21
10.1079,8.1726,Open,-5,5.21
10.118683333333335,8.1752,Open,-5,5.21
10.129533333333335,8.1778,Open,-5,5.21
10.140316666666667,8.1798,Open,-5,5.21
10.151083333333334,8.1824,Open,-5,5.21
10.161900000000001,8.1844,Open,-5,5.21
10.172683333333334,8.187,Open,-5,5.21
10.183516666666668,8.189,Open,-5,5.21
10.194283333333335,8.191,Open,-5,5.21
10.205116666666667,8.193,Open,-5,5.21
10.215900000000001,8.1956,Open,-5,5.21
10.226766666666666,8.1976,Open,-5,5.21
10.237583333333333,8.2002,Open,-5,5.21
10.248366666666668,8.202800000000002,Open,-5,5.21
10.259150000000002,8.2054,Open,-5,5.21
10.269933333333334,8.208,Open,-5,5.21
10.280750000000001,8.2094,Open,-5,5.21
10.291566666666666,8.212,Open,-5,5.21
10.30235,8.2144,Open,-5,5.21
10.313133333333333,8.217,Open,-5,5.21
10.323916666666667,8.2196,Open,-5,5.21
10.334733333333334,8.2222,Open,-5,5.21
10.345566666666667,8.224200000000002,Open,-5,5.21
10.356333333333334,8.226799999999999,Open,-5,5.21
10.367116666666668,8.2294,Open,-5,5.21
10.377916666666668,8.2324,Open,-5,5.21
10.3887,8.235,Open,-5,5.21
10.399550000000001,8.237,Open,-5,5.21
10.410333333333334,8.238999999999999,Open,-5,5.21
10.421116666666668,8.241,Open,-5,5.21
10.4319,8.243599999999999,Open,-5,5.21
10.442683333333333,8.2456,Open,-5,5.21
10.453533333333333,8.248199999999999,Open,-5,5.21
10.464316666666667,8.2502,Open,-5,5.21
10.475150000000001,8.2528,Open,-5,5.21
10.485933333333334,8.2554,Open,-5,5.21
10.496833333333335,8.258,Open,-5,5.21
10.507616666666667,8.259999999999998,Open,-5,5.21
10.518383333333334,8.262599999999999,Open,-5,5.21
10.529166666666667,8.2652,Open,-5,5.21
10.539966666666666,8.2678,Open,-5,5.21
10.5508,8.269799999999998,Open,-5,5.21
10.561583333333335,8.2698,Open,-5,5.21
10.572383333333335,8.2704,Open,-5,5.21
10.583166666666667,8.2704,Open,-5,5.21
10.593950000000001,8.2704,Open,-5,5.21
10.604783333333334,8.2704,Open,-5,5.21
10.615583333333335,8.270399999999999,Open,-5,5.21
10.62635,8.270999999999999,Open,-5,5.21
10.63715,8.2716,Open,-5,5.21
10.647933333333334,8.270999999999999,Open,-5,5.21
10.658766666666668,8.271,Open,-5,5.21
10.66955,8.270999999999999,Open,-5,5.21
10.680333333333333,8.271,Open,-5,5.21
10.691116666666666,8.270999999999999,Open,-5,5.21
10.701916666666667,8.270999999999999,Open,-5,5.21
10.71275,8.271,Open,-5,5.21
10.723516666666667,8.271,Open,-5,5.21
10.734366666666666,8.2716,Open,-5,5.21
10.74515,8.2722,Open,-5,5.21
10.756,8.2722,Open,-5,5.21
10.766833333333333,8.2722,Open,-5,5.21
10.777600000000001,8.2726,Open,-5,5.21
10.788416666666668,8.272599999999999,Open,-5,5.21
10.7992,8.2726,Open,-5,5.21
10.809983333333333,8.272599999999999,Open,-5,5.21
10.820816666666667,8.2732,Open,-5,5.21
10.831600000000002,8.2726,Open,-5,5.21
10.842366666666667,8.2732,Open,-5,5.21
10.853183333333334,8.272599999999999,Open,-5,5.21
10.863966666666668,8.2726,Open,-5,5.21
10.8748,8.272599999999999,Open,-5,5.21
10.885583333333333,8.272599999999999,Open,-5,5.21
10.896366666666667,8.2726,Open,-5,5.21
10.907166666666667,8.2726,Open,-5,5.21
10.91795,8.271999999999998,Open,-5,5.21
10.928783333333335,8.272,Open,-5,5.21
10.939566666666668,8.271999999999998,Open,-5,5.21
10.950350000000002,8.271999999999998,Open,-5,5.21
10.961133333333333,8.2726,Open,-5,5.21
10.971933333333334,8.272,Open,-5,5.21
10.982766666666667,8.272,Open,-5,5.21
10.993599999999999,8.271999999999998,Open,-5,5.21
11.004366666666668,8.2726,Open,-5,5.21
11.015233333333333,8.2726,Open,-5,5.21
11.026066666666669,8.271999999999998,Open,-5,5.21
11.03685,8.271999999999998,Open,-5,5.21
11.047633333333334,8.2726,Open,-5,5.21
11.058416666666666,8.272599999999999,Open,-5,5.21
11.0692,8.2726,Open,-5,5.21
11.080066666666669,8.271999999999998,Open,-5,5.21
11.090833333333334,8.271999999999998,Open,-5,5.21
11.101616666666668,8.271999999999998,Open,-5,5.21
11.112400000000001,8.2714,Open,-5,5.21
11.123183333333335,8.271399999999998,Open,-5,5.21
11.134033333333333,8.2714,Open,-5,5.21
11.144816666666667,8.271999999999998,Open,-5,5.21
11.1556,8.2714,Open,-5,5.21
11.166383333333334,8.2708,Open,-5,5.21
11.177166666666666,8.270800000000001,Open,-5,5.21
11.188,8.270800000000001,Open,-5,5.21
11.1988,8.2708,Open,-5,5.21
11.209583333333335,8.270199999999999,Open,-5,5.21
11.220366666666669,8.270199999999999,Open,-5,5.21
11.231150000000001,8.2696,Open,-5,5.21
11.241983333333334,8.270199999999999,Open,-5,5.21
11.252783333333333,8.269599999999999,Open,-5,5.21
11.263616666666667,8.269599999999999,Open,-5,5.21
11.274400000000002,8.2696,Open,-5,5.21
11.285233333333334,8.269599999999999,Open,-5,5.21
11.296066666666666,8.2696,Open,-5,5.21
11.30685,8.2696,Open,-5,5.21
11.317633333333333,8.2686,Open,-5,5.21
11.328433333333333,8.267999999999999,Open,-5,5.21
11.339216666666667,8.267999999999999,Open,-5,5.21
11.350050000000001,8.267999999999999,Open,-5,5.21
11.360850000000001,8.267999999999999,Open,-5,5.21
11.371616666666666,8.2686,Open,-5,5.21
11.382416666666668,8.267999999999999,Open,-5,5.21
11.393200000000002,8.267999999999999,Open,-5,5.21
11.404033333333334,8.267399999999999,Open,-5,5.21
11.414816666666667,8.2674,Open,-5,5.21
11.425616666666667,8.267999999999999,Open,-5,5.21
11.4364,8.267999999999999,Open,-5,5.21
11.447183333333333,8.2674,Open,-5,5.21
11.458016666666667,8.2674,Open,-5,5.21
11.4688,8.2668,Open,-5,5.21
11.479600000000001,8.2668,Open,-5,5.21
11.490383333333334,8.2668,Open,-5,5.21
11.501183333333334,8.2668,Open,-5,5.21
11.512,8.267399999999999,Open,-5,5.21
11.522833333333333,8.267399999999999,Open,-5,5.21
11.533633333333334,8.2674,Open,-5,5.21
11.544466666666667,8.2668,Open,-5,5.21
11.5553,8.2668,Open,-5,5.21
11.566083333333333,8.2668,Open,-5,5.21
11.57685,8.2668,Open,-5,5.21
11.587666666666667,8.267199999999999,Open,-5,5.21
11.598450000000001,8.2672,Open,-5,5.21
11.609283333333334,8.267199999999999,Open,-5,5.21
11.620066666666668,8.2678,Open,-5,5.21
11.630833333333333,8.2678,Open,-5,5.21
11.641616666666668,8.2678,Open,-5,5.21
11.652433333333335,8.2684,Open,-5,5.21
11.663266666666667,8.2684,Open,-5,5.21
11.674050000000001,8.2684,Open,-5,5.21
11.684833333333334,8.2678,Open,-5,5.21
11.695616666666668,8.2684,Open,-5,5.21
11.7064,8.269,Open,-5,5.21
11.717266666666667,8.269,Open,-5,5.21
11.728033333333334,8.269,Open,-5,5.21
11.738816666666668,8.2684,Open,-5,5.21
11.7496,8.269,Open,-5,5.21
11.760383333333333,8.268999999999998,Open,-5,5.21
11.771233333333333,8.268999999999998,Open,-5,5.21
11.782016666666667,8.2684,Open,-5,5.21
11.79285,8.269,Open,-5,5.21
11.803683333333334,8.269599999999999,Open,-5,5.21
11.814466666666668,8.269599999999999,Open,-5,5.21
11.825316666666668,8.269599999999999,Open,-5,5.21
11.8361,8.269599999999999,Open,-5,5.21
11.846883333333333,8.270199999999999,Open,-5,5.21
11.857666666666667,8.270199999999999,Open,-5,5.21
11.868450000000001,8.270800000000001,Open,-5,5.21
11.8793,8.2708,Open,-5,5.21
11.890083333333335,8.270800000000001,Open,-5,5.21
11.900866666666667,8.2708,Open,-5,5.21
11.911650000000002,8.270199999999999,Open,-5,5.21
11.922433333333334,8.270800000000001,Open,-5,5.21
11.933283333333334,8.2714,Open,-5,5.21
11.944066666666666,8.272,Open,-5,5.21
11.95485,8.271999999999998,Open,-5,5.21
11.965633333333333,8.2714,Open,-5,5.21
11.976433333333334,8.2708,Open,-5,5.21
11.98725,8.2714,Open,-5,5.21
11.998050000000001,8.271999999999998,Open,-5,5.21
12.008816666666666,8.271999999999998,Open,-5,5.21
12.0196,8.2704,Closed,-5,5.28
12.030400000000002,8.2684,Closed,-5,5.28
12.041216666666667,8.265799999999999,Closed,-5,5.28
12.052066666666667,8.2638,Closed,-5,5.28
12.0629,8.2618,Closed,-5,5.28
12.073683333333333,8.2592,Closed,-5,5.28
12.084516666666667,8.2572,Closed,-5,5.28
12.095300000000002,8.2546,Closed,-5,5.28
12.106100000000001,8.2526,Closed,-5,5.28
12.116883333333334,8.250599999999999,Closed,-5,5.28
12.127666666666668,8.2476,Closed,-5,5.28
12.1385,8.245,Closed,-5,5.28
12.149283333333333,8.243,Closed,-5,5.28
12.160066666666667,8.2404,Closed,-5,5.28
12.170866666666667,8.2378,Closed,-5,5.28
12.18165,8.235199999999999,Closed,-5,5.28
12.192483333333335,8.2326,Closed,-5,5.28
12.203266666666668,8.23,Closed,-5,5.28
12.214033333333335,8.2274,Closed,-5,5.28
12.224850000000002,8.2254,Closed,-5,5.28
12.235633333333334,8.2228,Closed,-5,5.28
12.246466666666667,8.2202,Closed,-5,5.28
12.25725,8.2176,Closed,-5,5.28
12.268016666666666,8.2156,Closed,-5,5.28
12.2788,8.2142,Closed,-5,5.28
12.289666666666667,8.211599999999999,Closed,-5,5.28
12.300500000000001,8.208599999999999,Closed,-5,5.28
12.311333333333334,8.2066,Closed,-5,5.28
12.322116666666666,8.204600000000001,Closed,-5,5.28
12.332916666666668,8.2016,Closed,-5,5.28
12.343716666666667,8.199000000000002,Closed,-5,5.28
12.354533333333334,8.1964,Closed,-5,5.28
12.365316666666669,8.1938,Closed,-5,5.28
12.376100000000001,8.1912,Closed,-5,5.28
12.386883333333335,8.188600000000001,Closed,-5,5.28
12.397700000000002,8.1866,Closed,-5,5.28
12.408533333333335,8.184,Closed,-5,5.28
12.4193,8.1814,Closed,-5,5.28
12.430083333333334,8.1788,Closed,-5,5.28
12.440883333333336,8.1762,Closed,-5,5.28
12.451683333333333,8.1742,Closed,-5,5.28
12.462516666666668,8.1716,Closed,-5,5.28
12.4733,8.1686,Closed,-5,5.28
12.484066666666669,8.166,Closed,-5,5.28
12.494866666666667,8.163400000000001,Closed,-5,5.28
12.505650000000001,8.1614,Closed,-5,5.28
12.5165,8.1594,Closed,-5,5.28
12.527316666666668,8.1564,Closed,-5,5.28
12.538116666666667,8.1538,Closed,-5,5.28
12.54895,8.151800000000001,Closed,-5,5.28
12.559800000000001,8.1508,Closed,-5,5.28
12.570583333333333,8.1508,Closed,-5,5.28
12.581350000000002,8.1508,Closed,-5,5.28
12.592133333333333,8.1498,Closed,-5,5.28
12.602933333333334,8.1498,Closed,-5,5.28
12.613766666666667,8.1498,Closed,-5,5.28
12.624550000000001,8.150400000000001,Closed,-5,5.28
12.635333333333334,8.1504,Closed,-5,5.28
12.646116666666668,8.15,Closed,-5,5.28
12.656916666666667,8.1494,Closed,-5,5.28
12.667750000000002,8.1494,Closed,-5,5.28
12.678550000000001,8.1494,Closed,-5,5.28
12.689333333333334,8.148800000000001,Closed,-5,5.28
12.700116666666668,8.1488,Closed,-5,5.28
12.7109,8.148800000000001,Closed,-5,5.28
12.721733333333335,8.1488,Closed,-5,5.28
12.732516666666667,8.1488,Closed,-5,5.28
12.743316666666667,8.1488,Closed,-5,5.28
12.754100000000001,8.1488,Closed,-5,5.28
12.764883333333334,8.1484,Closed,-5,5.28
12.775683333333335,8.1484,Closed,-5,5.28
12.7865,8.1484,Closed,-5,5.28
12.797300000000002,8.1484,Closed,-5,5.28
12.808083333333334,8.1484,Closed,-5,5.28
12.818883333333334,8.1478,Closed,-5,5.28
12.829716666666666,8.1478,Closed,-5,5.28
12.840483333333335,8.148200000000001,Closed,-5,5.28
12.851283333333333,8.1478,Closed,-5,5.28
12.862083333333334,8.1474,Closed,-5,5.28
12.872866666666669,8.1478,Closed,-5,5.28
12.883700000000001,8.1478,Closed,-5,5.28
12.894483333333335,8.1478,Closed,-5,5.28
12.905266666666668,8.1478,Closed,-5,5.28
12.916066666666667,8.1478,Closed,-5,5.28
12.926850000000002,8.1478,Closed,-5,5.28
12.937683333333334,8.1478,Closed,-5,5.28
12.948466666666667,8.1478,Closed,-5,5.28
12.95925,8.1478,Closed,-5,5.28
12.970033333333333,8.1474,Closed,-5,5.28
12.98085,8.147400000000001,Closed,-5,5.28
12.991683333333334,8.1474,Closed,-5,5.28
13.002466666666667,8.1474,Closed,-5,5.28
13.0133,8.1478,Closed,-5,5.28
13.024083333333333,8.1478,Closed,-5,5.28
13.03485,8.1478,Closed,-5,5.28
13.045683333333335,8.1478,Closed,-5,5.28
13.056450000000002,8.1474,Closed,-5,5.28
13.067233333333336,8.1478,Closed,-5,5.28
13.078033333333334,8.1478,Closed,-5,5.28
13.088833333333334,8.1478,Closed,-5,5.28
13.099666666666668,8.1478,Closed,-5,5.28
13.110450000000002,8.1478,Closed,-5,5.28
13.121233333333333,8.1478,Closed,-5,5.28
13.132016666666667,8.148200000000001,Closed,-5,5.28
13.142816666666668,8.148200000000001,Closed,-5,5.28
13.15365,8.148200000000001,Closed,-5,5.28
13.164433333333335,8.1476,Closed,-5,5.28
13.175216666666667,8.1472,Closed,-5,5.28
13.186000000000002,8.1476,Closed,-5,5.28
13.1968,8.1472,Closed,-5,5.28
13.207633333333336,8.1472,Closed,-5,5.28
13.218416666666666,8.147200000000002,Closed,-5,5.28
13.2292,8.1468,Closed,-5,5.28
13.239983333333333,8.146400000000002,Closed,-5,5.28
13.250833333333334,8.1464,Closed,-5,5.28
13.261666666666667,8.146,Closed,-5,5.28
13.2725,8.1456,Closed,-5,5.28
13.283283333333335,8.145199999999999,Closed,-5,5.28
13.294066666666668,8.144800000000002,Closed,-5,5.28
13.304916666666667,8.1452,Closed,-5,5.28
13.3157,8.145199999999999,Closed,-5,5.28
13.326483333333334,8.1448,Closed,-5,5.28
13.337266666666668,8.1448,Closed,-5,5.28
13.348066666666666,8.144400000000001,Closed,-5,5.28
13.358900000000002,8.144400000000001,Closed,-5,5.28
13.369666666666667,8.144400000000001,Closed,-5,5.28
13.380466666666669,8.144400000000001,Closed,-5,5.28
13.391250000000001,8.144400000000001,Closed,-5,5.28
13.402050000000001,8.144400000000001,Closed,-5,5.28
13.412883333333333,8.144,Closed,-5,5.28
13.423650000000002,8.144,Closed,-5,5.28
13.43445,8.1436,Closed,-5,5.28
13.445233333333334,8.1436,Closed,-5,5.28
13.456016666666669,8.143600000000001,Closed,-5,5.28
13.466866666666668,8.1436,Closed,-5,5.28
13.477633333333333,8.143600000000001,Closed,-5,5.28
13.488483333333335,8.1432,Closed,-5,5.28
13.499266666666667,8.1432,Closed,-5,5.28
13.510116666666669,8.1436,Closed,-6,5.28
13.520933333333335,8.1432,Closed,-6,5.28
13.531716666666666,8.142800000000001,Closed,-5,5.28
13.542516666666668,8.142800000000001,Closed,-6,5.28
13.553300000000002,8.1428,Closed,-6,5.28
13.5641,8.142800000000001,Closed,-5,5.28
13.574933333333336,8.1424,Closed,-5,5.28
13.585716666666666,8.1424,Closed,-6,5.28
13.596483333333335,8.142800000000001,Closed,-5,5.28
13.607300000000002,8.1428,Closed,-6,5.28
13.618083333333335,8.1424,Closed,-6,5.28
13.628916666666667,8.142400000000002,Closed,-6,5.28
13.639700000000001,8.1424,Closed,-5,5.28
13.650483333333334,8.1424,Closed,-5,5.28
13.661283333333333,8.1424,Closed,-6,5.28
13.672083333333335,8.1424,Closed,-6,5.28
13.682916666666667,8.142400000000002,Closed,-6,5.28
13.693683333333334,8.1424,Closed,-6,5.28
13.704466666666667,8.142000000000001,Closed,-5,5.28
13.715266666666668,8.142400000000002,Closed,-6,5.28
13.726066666666668,8.1424,Closed,-6,5.28
13.736950000000002,8.1424,Closed,-5,5.28
13.747766666666669,8.142400000000002,Closed,-5,5.28
13.758566666666667,8.1424,Closed,-6,5.28
13.769366666666667,8.1428,Closed,-6,5.28
13.7802,8.1428,Closed,-6,5.28
13.790983333333335,8.142800000000001,Closed,-6,5.28
13.80176666666667,8.142800000000001,Closed,-5,5.28
13.81255,8.142800000000001,Closed,-6,5.28
13.823333333333334,8.142800000000001,Closed,-6,5.28
13.834183333333334,8.1432,Closed,-6,5.28
13.844966666666668,8.1432,Closed,-6,5.28
13.85575,8.1432,Closed,-6,5.28
13.866533333333335,8.1432,Closed,-6,5.28
13.877333333333334,8.142800000000001,Closed,-6,5.28
13.888183333333334,8.142800000000001,Closed,-6,5.28
13.898950000000001,8.142400000000002,Closed,-6,5.28
13.909733333333334,8.142000000000001,Closed,-6,5.28
13.920516666666668,8.142000000000001,Closed,-6,5.28
13.931316666666667,8.142400000000002,Closed,-6,5.28
13.942166666666669,8.142800000000001,Closed,-6,5.28
13.95295,8.142800000000001,Closed,-6,5.28
13.963733333333334,8.1424,Closed,-6,5.28
13.974566666666668,8.142800000000001,Closed,-6,5.28
13.985366666666668,8.142800000000001,Closed,-6,5.28
13.996250000000002,8.1424,Closed,-6,5.28
14.007033333333334,8.142400000000002,Closed,-6,5.28
14.017816666666668,8.1424,Open,-6,5.28
14.0286,8.1454,Open,-6,5.28
14.0394,8.148000000000001,Open,-6,5.28
14.050216666666667,8.15,Open,-6,5.28
14.061016666666667,8.152999999999999,Open,-6,5.28
14.071800000000001,8.156,Open,-6,5.28
14.082583333333334,8.158000000000001,Open,-6,5.28
14.093383333333334,8.160000000000002,Open,-6,5.28
14.104216666666668,8.162,Open,-6,5.28
14.115000000000002,8.1644,Open,-6,5.28
14.125783333333334,8.166400000000001,Open,-6,5.28
14.136583333333334,8.169,Open,-6,5.28
14.147366666666668,8.171,Open,-6,5.28
14.1582,8.1734,Open,-6,5.28
14.168966666666668,8.1754,Open,-6,5.28
14.179766666666668,8.178,Open,-6,5.28
14.190566666666667,8.18,Open,-6,5.28
14.20135,8.182,Open,-6,5.28
14.212183333333336,8.184000000000001,Open,-6,5.28
14.222966666666668,8.1866,Open,-6,5.28
14.233816666666666,8.189200000000001,Open,-6,5.28
14.2446,8.1922,Open,-6,5.28
14.255483333333334,8.1942,Open,-6,5.28
14.266266666666667,8.1962,Open,-6,5.28
14.277050000000001,8.199200000000001,Open,-6,5.28
14.28785,8.2012,Open,-6,5.28
14.298633333333333,8.2032,Open,-6,5.28
14.309466666666669,8.2058,Open,-6,5.28
14.32025,8.2082,Open,-6,5.28
14.331033333333334,8.2102,Open,-6,5.28
14.341833333333335,8.2126,Open,-6,5.28
14.352616666666668,8.215,Open,-6,5.28
14.36345,8.2174,Open,-6,5.28
14.374233333333335,8.22,Open,-6,5.28
14.385016666666667,8.222000000000001,Open,-6,5.28
14.395800000000001,8.2246,Open,-6,5.28
14.406600000000001,8.227,Open,-6,5.28
14.417433333333333,8.2294,Open,-6,5.28
14.428216666666668,8.2318,Open,-6,5.28
14.438983333333335,8.2348,Open,-6,5.28
14.449783333333334,8.2378,Open,-6,5.28
14.460583333333336,8.2398,Open,-6,5.28
14.471416666666668,8.2418,Open,-6,5.28
14.4822,8.2438,Open,-6,5.28
14.493016666666668,8.2468,Open,-6,5.28
14.503816666666667,8.2492,Open,-6,5.28
14.514666666666669,8.251199999999999,Open,-6,5.28
14.525500000000001,8.2538,Open,-6,5.28
14.536266666666668,8.2562,Open,-6,5.28
14.547050000000002,8.258199999999999,Open,-6,5.28
14.557833333333333,8.2602,Open,-6,5.28
14.56865,8.2596,Open,-6,5.28
14.579483333333334,8.259599999999999,Open,-6,5.28
14.590266666666668,8.259599999999999,Open,-6,5.28
14.601050000000003,8.2596,Open,-6,5.28
14.611833333333333,8.259,Open,-6,5.28
14.622616666666667,8.259,Open,-6,5.28
14.633466666666667,8.259,Open,-6,5.28
14.644250000000001,8.259,Open,-6,5.28
14.655033333333334,8.259,Open,-6,5.28
14.665816666666668,8.259,Open,-6,5.28
14.676616666666668,8.2584,Open,-6,5.28
14.687450000000002,8.259,Open,-6,5.28
14.698233333333333,8.259,Open,-6,5.28
14.709016666666667,8.2596,Open,-6,5.28
14.719800000000001,8.259,Open,-6,5.28
14.7306,8.259,Open,-6,5.28
14.741416666666668,8.259,Open,-6,5.28
14.752216666666667,8.259,Open,-6,5.28
14.762966666666667,8.2584,Open,-6,5.28
14.773800000000001,8.2584,Open,-6,5.28
14.784583333333334,8.2578,Open,-6,5.28
14.795416666666666,8.2584,Open,-6,5.28
14.8062,8.2584,Open,-6,5.28
14.816983333333333,8.2578,Open,-6,5.28
14.827783333333334,8.2578,Open,-6,5.28
14.838566666666669,8.2578,Open,-6,5.28
14.849400000000001,8.2578,Open,-6,5.28
14.8602,8.2578,Open,-6,5.28
14.870983333333333,8.2578,Open,-6,5.28
14.881766666666667,8.2578,Open,-6,5.28
14.892566666666669,8.2578,Open,-6,5.28
14.903383333333334,8.2578,Open,-6,5.28
14.914166666666667,8.2578,Open,-6,5.28
14.924966666666668,8.2578,Open,-6,5.28
14.935750000000002,8.2578,Open,-6,5.28
14.94655,8.2584,Open,-6,5.28
14.957366666666667,8.259,Open,-6,5.28
14.968150000000001,8.2596,Open,-6,5.28
14.978933333333336,8.2596,Open,-6,5.28
14.989750000000003,8.259599999999999,Open,-6,5.28
15.000533333333333,8.2602,Open,-6,5.28
15.01135,8.2608,Open,-6,5.28
15.022183333333334,8.2608,Open,-6,5.28
15.032966666666669,8.2602,Open,-6,5.28
15.043833333333335,8.2602,Open,-6,5.28
15.054666666666668,8.2602,Open,-6,5.28
15.065433333333335,8.2602,Open,-6,5.28
15.076216666666669,8.2602,Open,-6,5.28
15.087,8.2602,Open,-6,5.28
15.097816666666667,8.2602,Open,-6,5.28
15.10865,8.2602,Open,-6,5.28
15.119416666666668,8.2596,Open,-6,5.28
15.1302,8.2602,Open,-6,5.28
15.141,8.259599999999999,Open,-6,5.28
15.151800000000001,8.2602,Open,-6,5.28
15.162633333333334,8.2602,Open,-6,5.28
15.173416666666668,8.2608,Open,-6,5.28
15.184183333333333,8.2608,Open,-6,5.28
15.194983333333335,8.2614,Open,-6,5.28
15.205766666666667,8.261999999999999,Open,-6,5.28
15.216616666666669,8.262599999999999,Open,-6,5.28
15.2274,8.262,Open,-6,5.28
15.238183333333334,8.262,Open,-6,5.28
15.248966666666668,8.2614,Open,-6,5.28
15.259766666666668,8.2614,Open,-6,5.28
15.270616666666667,8.2614,Open,-6,5.28
15.281433333333334,8.2614,Open,-6,5.28
15.292216666666667,8.261999999999999,Open,-6,5.28
15.303050000000002,8.261999999999999,Open,-6,5.28
15.31385,8.262,Open,-6,5.28
15.324683333333335,8.262599999999999,Open,-6,5.28
15.335466666666667,8.261999999999999,Open,-6,5.28
15.346250000000001,8.262599999999999,Open,-6,5.28
15.357033333333334,8.262599999999999,Open,-6,5.28
15.367833333333333,8.262599999999999,Open,-6,5.28
15.378666666666668,8.262599999999999,Open,-6,5.28
15.389450000000002,8.262,Open,-6,5.28
15.400233333333334,8.262,Open,-6,5.28
15.411016666666667,8.262,Open,-6,5.28
15.421816666666668,8.262,Open,-6,5.28
15.43265,8.262,Open,-6,5.28
15.443433333333335,8.262,Open,-6,5.28
15.454216666666667,8.261999999999999,Open,-6,5.28
15.465016666666667,8.261999999999999,Open,-6,5.28
15.4758,8.2614,Open,-6,5.28
15.486633333333335,8.2608,Open,-6,5.28
15.497433333333333,8.2602,Open,-6,5.28
15.508216666666668,8.259599999999999,Open,-6,5.28
15.519000000000002,8.259,Open,-6,5.28
15.5298,8.2584,Open,-6,5.28
15.540616666666667,8.2578,Open,-6,5.28
15.551466666666668,8.2578,Open,-6,5.28
15.56225,8.2584,Open,-6,5.28
15.573083333333335,8.2584,Open,-6,5.28
15.583916666666669,8.259,Open,-6,5.28
15.5947,8.259,Open,-6,5.28
15.605500000000001,8.2584,Open,-6,5.28
15.616283333333335,8.2584,Open,-6,5.28
15.627066666666668,8.259,Open,-6,5.28
15.637900000000002,8.259,Open,-6,5.28
15.648683333333334,8.259,Open,-6,5.28
15.659466666666669,8.259,Open,-6,5.28
15.670266666666667,8.2584,Open,-6,5.28
15.68105,8.2584,Open,-6,5.28
15.691883333333333,8.2578,Open,-6,5.28
15.702666666666667,8.2584,Open,-6,5.28
15.71345,8.2584,Open,-6,5.28
15.724250000000001,8.259,Open,-6,5.28
15.735033333333336,8.2584,Open,-6,5.28
15.745883333333333,8.2578,Open,-6,5.28
15.756650000000002,8.2572,Open,-6,5.28
15.767433333333335,8.2578,Open,-6,5.28
15.778216666666669,8.2578,Open,-6,5.28
15.789033333333334,8.2584,Open,-6,5.28
15.799866666666668,8.2584,Open,-6,5.28
15.810683333333335,8.2584,Open,-6,5.28
15.821466666666668,8.259,Open,-6,5.28
15.832316666666667,8.259,Open,-6,5.28
15.843116666666669,8.2596,Open,-6,5.28
15.853933333333336,8.259,Open,-6,5.28
15.864716666666668,8.2584,Open,-6,5.28
15.8755,8.259,Open,-6,5.28
15.886300000000002,8.2584,Open,-6,5.28
15.8971,8.259,Open,-6,5.28
15.907933333333336,8.259,Open,-6,5.28
15.918700000000001,8.259599999999999,Open,-6,5.28
15.929483333333334,8.259599999999999,Open,-6,5.28
15.940283333333333,8.259599999999999,Open,-6,5.28
15.951083333333335,8.2602,Open,-6,5.28
15.961900000000002,8.2608,Open,-6,5.28
15.972683333333334,8.2608,Open,-6,5.28
15.983466666666667,8.261399999999998,Open,-6,5.28
15.994266666666668,8.2614,Open,-6,5.28
16.00505,8.2614,Open,-6,5.28
16.015883333333335,8.261999999999999,Open,-6,5.28
16.02665,8.261000000000001,Closed,-6,5.31
16.037433333333336,8.259,Closed,-6,5.31
16.048233333333332,8.257,Closed,-6,5.31
16.05901666666667,8.255,Closed,-6,5.31
16.0699,8.2526,Closed,-6,5.31
16.080683333333333,8.250599999999999,Closed,-6,5.31
16.091516666666667,8.2476,Closed,-6,5.31
16.1023,8.245,Closed,-6,5.31
16.113116666666667,8.2426,Closed,-6,5.31
16.123916666666666,8.24,Closed,-6,5.31
16.134700000000002,8.238000000000001,Closed,-6,5.31
16.145483333333335,8.236,Closed,-6,5.31
16.156266666666667,8.234000000000002,Closed,-6,5.31
16.167083333333334,8.2314,Closed,-6,5.31
16.17785,8.229,Closed,-6,5.31
16.188650000000003,8.2266,Closed,-6,5.31
16.199433333333335,8.2246,Closed,-6,5.31
16.210216666666668,8.2222,Closed,-6,5.31
16.221033333333335,8.2202,Closed,-6,5.31
16.231816666666667,8.2182,Closed,-6,5.31
16.2426,8.2156,Closed,-6,5.31
16.253400000000003,8.213,Closed,-6,5.31
16.264183333333335,8.2104,Closed,-6,5.31
16.275000000000002,8.208,Closed,-6,5.31
16.285783333333335,8.206,Closed,-6,5.31
16.29655,8.2036,Closed,-6,5.31
16.307583333333334,8.2006,Closed,-6,5.31
16.318450000000002,8.1986,Closed,-6,5.31
16.32945,8.1956,Closed,-6,5.31
16.340283333333335,8.1936,Closed,-6,5.31
16.3511,8.191600000000001,Closed,-6,5.31
16.361933333333333,8.188600000000001,Closed,-6,5.31
16.3728,8.1856,Closed,-6,5.31
16.38361666666667,8.1826,Closed,-6,5.31
16.39445,8.1802,Closed,-6,5.31
16.405266666666666,8.1778,Closed,-6,5.31
16.416116666666667,8.1752,Closed,-6,5.31
16.42696666666667,8.173200000000001,Closed,-6,5.31
16.4378,8.1706,Closed,-6,5.31
16.448616666666666,8.1686,Closed,-5,5.31
16.459433333333333,8.165600000000001,Closed,-5,5.31
16.470283333333334,8.1632,Closed,-5,5.31
16.48115,8.1608,Closed,-5,5.31
16.49195,8.1578,Closed,-5,5.31
16.502783333333333,8.1548,Closed,-5,5.31
16.513616666666667,8.152800000000001,Closed,-5,5.31
16.52445,8.150200000000002,Closed,-5,5.31
16.535316666666667,8.1472,Closed,-5,5.31
16.546133333333334,8.1448,Closed,-4,5.31
16.557016666666666,8.1422,Closed,-4,5.31
16.567883333333334,8.1412,Closed,-4,5.31
16.57876666666667,8.1408,Closed,-4,5.31
16.589583333333334,8.140800000000002,Closed,-4,5.31
16.600416666666668,8.140400000000001,Closed,-4,5.31
16.611233333333335,8.1408,Closed,-4,5.31
16.62206666666667,8.140400000000001,Closed,-4,5.31
16.632933333333334,8.140800000000002,Closed,-3,5.31
16.64375,8.140400000000001,Closed,-3,5.31
16.654583333333335,8.140400000000001,Closed,-3,5.31
16.6654,8.140400000000001,Closed,-3,5.31
16.67621666666667,8.14,Closed,-3,5.31
16.687116666666668,8.1396,Closed,-3,5.31
16.697933333333335,8.139199999999999,Closed,-3,5.31
16.708750000000002,8.138800000000002,Closed,-3,5.31
16.719583333333336,8.138800000000002,Closed,-3,5.31
16.7304,8.138800000000002,Closed,-2,5.31
16.741300000000003,8.1388,Closed,-2,5.31
16.75211666666667,8.1388,Closed,-2,5.31
16.762933333333333,8.138800000000002,Closed,-2,5.31
16.77375,8.138800000000002,Closed,-2,5.31
16.784650000000003,8.1384,Closed,-2,5.31
16.795516666666668,8.1384,Closed,-2,5.31
16.806383333333333,8.138,Closed,-2,5.31
16.817216666666667,8.1384,Closed,-2,5.31
16.82805,8.138,Closed,-2,5.31
16.838883333333335,8.138,Closed,-2,5.31
16.84975,8.1384,Closed,-2,5.31
16.860583333333334,8.138,Closed,-2,5.31
16.8714,8.138,Closed,-2,5.31
16.882233333333335,8.1376,Closed,-2,5.31
16.893050000000002,8.1372,Closed,-2,5.31
16.903933333333335,8.1372,Closed,-2,5.31
16.91476666666667,8.137599999999999,Closed,-2,5.31
16.925583333333336,8.1376,Closed,-2,5.31
16.936400000000003,8.138,Closed,-2,5.31
16.947233333333333,8.1384,Closed,-2,5.31
16.95811666666667,8.138,Closed,-2,5.31
16.968933333333336,8.1376,Closed,-2,5.31
16.979766666666666,8.1376,Closed,-2,5.31
16.990583333333333,8.1372,Closed,-2,5.31
17.001433333333335,8.1372,Closed,-2,5.31
17.0123,8.1372,Closed,-2,5.31
17.02316666666667,8.1372,Closed,-2,5.31
17.034033333333333,8.1372,Closed,-2,5.31
17.044883333333335,8.137200000000002,Closed,-2,5.31
17.05575,8.1372,Closed,-2,5.31
17.066566666666667,8.136800000000001,Closed,-2,5.31
17.077383333333334,8.1372,Closed,-2,5.31
17.088233333333335,8.137200000000002,Closed,-2,5.31
17.099066666666666,8.136800000000001,Closed,-2,5.31
17.109933333333334,8.136400000000002,Closed,-2,5.31
17.12075,8.136400000000002,Closed,-2,5.31
17.13158333333333,8.136000000000001,Closed,-2,5.31
17.142400000000002,8.136000000000001,Closed,-2,5.31
17.153233333333333,8.136000000000001,Closed,-2,5.31
17.164116666666665,8.136000000000001,Closed,-2,5.31
17.174933333333335,8.1356,Closed,-2,5.31
17.185766666666666,8.1356,Closed,-2,5.31
17.196583333333333,8.136000000000001,Closed,-2,5.31
17.20741666666667,8.1356,Closed,-2,5.31
17.2183,8.136000000000001,Closed,-2,5.31
17.229133333333333,8.136000000000001,Closed,-2,5.31
17.239950000000004,8.136000000000001,Closed,-2,5.31
17.250816666666665,8.136000000000001,Closed,-2,5.31
17.261666666666667,8.1364,Closed,-2,5.31
17.272583333333333,8.1364,Closed,-2,5.31
17.283400000000004,8.136000000000001,Closed,-2,5.31
17.294216666666667,8.136000000000001,Closed,-2,5.31
17.30506666666667,8.136000000000001,Closed,-2,5.31
17.315883333333332,8.1356,Closed,-2,5.31
17.32675,8.1356,Closed,-2,5.31
17.337566666666667,8.1352,Closed,-2,5.31
17.348416666666665,8.1352,Closed,-2,5.31
17.359233333333336,8.135200000000001,Closed,-2,5.31
17.37006666666667,8.135200000000001,Closed,-2,5.31
17.380933333333335,8.135200000000001,Closed,-2,5.31
17.39176666666667,8.1348,Closed,-2,5.31
17.402600000000003,8.1348,Closed,-2,5.31
17.413416666666667,8.1348,Closed,-2,5.31
17.424250000000004,8.1348,Closed,-2,5.31
17.435133333333336,8.135200000000001,Closed,-2,5.31
17.44595,8.135200000000001,Closed,-2,5.31
17.45676666666667,8.134800000000002,Closed,-2,5.31
17.4676,8.1348,Closed,-1,5.31
17.478533333333335,8.134400000000001,Closed,-1,5.31
17.48935,8.134,Closed,-1,5.31
17.50021666666667,8.134,Closed,-1,5.31
17.51105,8.134,Closed,-1,5.31
17.521866666666668,8.1336,Closed,-1,5.31
17.532766666666667,8.133600000000001,Closed,-1,5.31
17.543583333333334,8.134,Closed,-1,5.31
17.5544,8.134,Closed,0,5.31
17.565216666666668,8.134,Closed,0,5.31
17.576083333333333,8.134,Closed,0,5.31
17.58695,8.134,Closed,0,5.31
17.597766666666665,8.1336,Closed,0,5.31
17.608583333333335,8.1332,Closed,0,5.31
17.619433333333337,8.132800000000001,Closed,0,5.31
17.63025,8.1328,Closed,0,5.31
17.641133333333336,8.1332,Closed,0,5.31
17.65195,8.1332,Closed,0,5.31
17.662783333333334,8.1332,Closed,1,5.31
17.673616666666668,8.1336,Closed,1,5.31
17.684450000000002,8.1336,Closed,2,5.31
17.695316666666667,8.133200000000002,Closed,3,5.31
17.70615,8.133200000000002,Closed,3,5.31
17.717016666666666,8.1332,Closed,4,5.31
17.72785,8.1336,Closed,4,5.31
17.738733333333336,8.132800000000001,Closed,5,5.31
17.749616666666668,8.132800000000001,Closed,5,5.31
17.76043333333333,8.1324,Closed,6,5.31
17.77126666666667,8.1324,Closed,7,5.31
17.782100000000003,8.1324,Closed,7,5.31
17.79295,8.1324,Closed,8,5.31
17.803816666666666,8.132,Closed,9,5.31
17.814633333333337,8.132000000000001,Closed,9,5.31
17.825466666666667,8.132000000000001,Closed,9,5.31
17.83631666666667,8.132,Closed,10,5.31
17.847150000000003,8.1316,Closed,10,5.31
17.858016666666668,8.1316,Closed,10,5.31
17.868850000000002,8.1316,Closed,10,5.31
17.879683333333336,8.1316,Closed,10,5.31
17.890516666666667,8.1316,Closed,10,5.31
17.90135,8.1316,Closed,11,5.31
17.91221666666667,8.1316,Closed,11,5.31
17.923066666666667,8.1316,Closed,11,5.31
17.933883333333334,8.1316,Closed,11,5.31
17.944716666666668,8.1316,Closed,11,5.31
17.95566666666667,8.1316,Closed,11,5.31
17.966483333333333,8.1316,Closed,11,5.31
17.97735,8.1312,Closed,11,5.31
17.988183333333335,8.1312,Closed,11,5.31
17.999016666666666,8.1308,Closed,11,5.31
18.009916666666665,8.1308,Closed,11,5.31
18.020733333333336,8.131200000000002,Open,11,5.31
18.031566666666667,8.133600000000001,Open,11,5.31
18.042383333333337,8.1356,Open,11,5.31
18.053250000000002,8.138,Open,11,5.31
18.064116666666667,8.140400000000001,Open,11,5.31
18.074933333333334,8.1428,Open,11,5.31
18.085766666666665,8.1448,Open,11,5.31
18.096600000000002,8.1472,Open,11,5.31
18.107433333333336,8.1496,Open,11,5.31
18.11831666666667,8.152000000000001,Open,11,5.31
18.129133333333336,8.1544,Open,11,5.31
18.13996666666667,8.1568,Open,11,5.31
18.1508,8.159600000000001,Open,11,5.31
18.161633333333334,8.162,Open,11,5.31
18.17251666666667,8.1644,Open,11,5.31
18.18335,8.1664,Open,11,5.31
18.194166666666668,8.1688,Open,11,5.31
18.205050000000004,8.1712,Open,12,5.31
18.215883333333334,8.173200000000001,Open,12,5.31
18.226816666666668,8.175600000000001,Open,12,5.31
18.237633333333335,8.177999999999999,Open,12,5.31
18.24846666666667,8.180399999999999,Open,12,5.31
18.259283333333332,8.1828,Open,12,5.31
18.270133333333334,8.184800000000001,Open,12,5.31
18.281000000000002,8.1876,Open,12,5.31
18.291833333333333,8.19,Open,12,5.31
18.302650000000003,8.1924,Open,12,5.31
18.3135,8.1948,Open,12,5.31
18.324333333333335,8.1972,Open,12,5.31
18.3352,8.1996,Open,12,5.31
18.346016666666667,8.201600000000001,Open,12,5.31
18.35686666666667,8.204,Open,12,5.31
18.367700000000003,8.206,Open,12,5.31
18.378533333333333,8.208400000000001,Open,12,5.31
18.389400000000002,8.2108,Open,12,5.31
18.400233333333336,8.2132,Open,12,5.31
18.411066666666667,8.2156,Open,12,5.31
18.4219,8.218,Open,12,5.31
18.432733333333335,8.220400000000001,Open,12,5.31
18.443616666666667,8.2224,Open,12,5.31
18.454483333333332,8.2248,Open,12,5.31
18.46531666666667,8.2272,Open,12,5.31
18.47621666666667,8.2296,Open,12,5.31
18.487083333333334,8.232000000000001,Open,12,5.31
18.497916666666665,8.2344,Open,12,5.31
18.508733333333335,8.2368,Open,12,5.31
18.519583333333337,8.2392,Open,12,5.31
18.530416666666667,8.2422,Open,12,5.31
18.5413,8.245,Open,12,5.31
18.55211666666667,8.2474,Open,12,5.31
18.562933333333334,8.2494,Open,13,5.31
18.573783333333335,8.249,Open,13,5.31
18.584616666666665,8.249400000000001,Open,13,5.31
18.5955,8.249400000000001,Open,13,5.31
18.606333333333335,8.249400000000001,Open,13,5.31
18.61715,8.249400000000001,Open,13,5.31
18.627983333333336,8.249400000000001,Open,13,5.31
18.63881666666667,8.249400000000001,Open,13,5.31
18.64971666666667,8.249400000000001,Open,13,5.31
18.660533333333333,8.249400000000001,Open,13,5.31
18.671366666666668,8.249400000000001,Open,13,5.31
18.682183333333334,8.249400000000001,Open,13,5.31
18.693033333333336,8.249400000000001,Open,13,5.31
18.703966666666666,8.249400000000001,Open,13,5.31
18.714783333333337,8.249400000000001,Open,13,5.31
18.725649999999998,8.249400000000001,Open,13,5.31
18.7365,8.249400000000001,Open,13,5.31
18.747333333333337,8.249400000000001,Open,13,5.31
18.7582,8.249400000000001,Open,13,5.31
18.769033333333333,8.249400000000001,Open,13,5.31
18.77986666666667,8.249400000000001,Open,13,5.31
18.7907,8.25,Open,13,5.31
18.801533333333335,8.25,Open,13,5.31
18.812416666666667,8.25,Open,13,5.31
18.823249999999998,8.25,Open,13,5.31
18.834083333333336,8.25,Open,13,5.31
18.84491666666667,8.2506,Open,13,5.31
18.85575,8.2506,Open,13,5.31
18.866633333333333,8.2506,Open,13,5.31
18.877450000000003,8.2506,Open,13,5.31
18.888283333333334,8.251,Open,13,5.31
18.899116666666668,8.251,Open,13,5.31
18.90995,8.2514,Open,13,5.31
18.920833333333334,8.2514,Open,13,5.31
18.93165,8.2514,Open,13,5.31
18.942483333333332,8.2514,Open,14,5.31
18.95331666666667,8.251999999999999,Open,14,5.31
18.96425,8.2516,Open,14,5.31
18.97511666666667,8.2516,Open,14,5.31
18.985950000000003,8.2516,Open,14,5.31
18.996783333333333,8.2516,Open,14,5.31
19.007633333333334,8.2516,Open,14,5.31
19.018500000000003,8.2516,Open,14,5.31
19.029316666666666,8.252199999999998,Open,14,5.31
19.040166666666668,8.252199999999998,Open,14,5.31
19.051000000000002,8.252199999999998,Open,14,5.31
19.061833333333333,8.252199999999998,Open,14,5.31
19.0727,8.2516,Open,14,5.31
19.083533333333335,8.2522,Open,14,5.31
19.094366666666666,8.2522,Open,14,5.31
19.105200000000004,8.2522,Open,14,5.31
19.116033333333334,8.2526,Open,14,5.31
19.126916666666666,8.2526,Open,14,5.31
19.13775,8.2532,Open,14,5.31
19.148566666666667,8.2532,Open,14,5.31
19.1594,8.2538,Open,14,5.31
19.170250000000003,8.2538,Open,14,5.31
19.181133333333335,8.2538,Open,14,5.31
19.191950000000002,8.2538,Open,14,5.31
19.202783333333336,8.2538,Open,14,5.31
19.21366666666667,8.2538,Open,14,5.31
19.2245,8.2538,Open,14,5.31
19.235416666666666,8.2538,Open,14,5.31
19.24625,8.2538,Open,14,5.31
19.257083333333338,8.2538,Open,14,5.31
19.267916666666668,8.2538,Open,14,5.31
19.278750000000002,8.2538,Open,14,5.31
19.28961666666667,8.2538,Open,14,5.31
19.30046666666667,8.2538,Open,14,5.31
19.311300000000003,8.2538,Open,14,5.31
19.322116666666666,8.2538,Open,14,5.31
19.332966666666668,8.2538,Open,14,5.31
19.34385,8.2538,Open,15,5.31
19.354666666666667,8.2538,Open,15,5.31
19.3655,8.2538,Open,15,5.31
19.376333333333335,8.2538,Open,15,5.31
19.387183333333333,8.2532,Open,15,5.31
19.39805,8.2532,Open,15,5.31
19.40886666666667,8.2532,Open,15,5.31
19.4197,8.2532,Open,15,5.31
19.43055,8.2532,Open,15,5.31
19.441383333333338,8.2532,Open,15,5.31
19.45225,8.2532,Open,15,5.31
19.463116666666668,8.2532,Open,15,5.31
19.47396666666667,8.2532,Open,15,5.31
19.48485,8.2532,Open,15,5.31
19.49571666666667,8.2526,Open,15,5.31
19.506533333333334,8.253,Open,15,5.31
19.517383333333335,8.253,Open,15,5.31
19.528216666666665,8.2536,Open,15,5.31
19.53905,8.254199999999999,Open,15,5.31
19.549916666666668,8.254199999999999,Open,15,5.31
19.56076666666667,8.2548,Open,15,5.31
19.571583333333333,8.2542,Open,15,5.31
19.58241666666667,8.2542,Open,15,5.31
19.59325,8.2542,Open,15,5.31
19.604133333333333,8.2542,Open,15,5.31
19.614966666666668,8.2542,Open,15,5.31
19.625783333333334,8.2536,Open,15,5.31
19.63661666666667,8.2536,Open,15,5.31
19.64746666666667,8.2536,Open,15,5.31
19.658333333333335,8.2536,Open,15,5.31
19.66916666666667,8.2536,Open,15,5.31
19.679983333333332,8.253,Open,15,5.31
19.690833333333334,8.253,Open,15,5.31
19.701666666666668,8.2524,Open,15,5.31
19.712583333333335,8.251999999999999,Open,15,5.31
19.7234,8.251999999999999,Open,15,5.31
19.7343,8.251999999999999,Open,15,5.31
19.745133333333335,8.2526,Open,15,5.31
19.75596666666667,8.2526,Open,15,5.31
19.766833333333334,8.2526,Open,15,5.31
19.777683333333336,8.2526,Open,15,5.31
19.788500000000003,8.2526,Open,15,5.31
19.799333333333333,8.2526,Open,15,5.31
19.810166666666667,8.2526,Open,15,5.31
19.821050000000003,8.2526,Open,15,5.31
19.831866666666667,8.2532,Open,16,5.31
19.8427,8.2532,Open,16,5.31
19.853533333333335,8.2532,Open,16,5.31
19.864383333333333,8.2532,Open,16,5.31
19.87525,8.2526,Open,16,5.31
19.886066666666668,8.2526,Open,16,5.31
19.896900000000002,8.2526,Open,16,5.31
19.907750000000004,8.2526,Open,16,5.31
19.918583333333334,8.2526,Open,16,5.31
19.92945,8.2526,Open,16,5.31
19.940283333333337,8.2526,Open,16,5.31
19.951116666666667,8.2526,Open,16,5.31
19.96195,8.2526,Open,16,5.31
19.972883333333336,8.2526,Open,16,5.31
19.983700000000002,8.2526,Open,16,5.31
19.994600000000002,8.2526,Open,16,5.31
20.00541666666667,8.2526,Open,16,5.31
20.016250000000003,8.2526,Open,16,5.31
20.027133333333335,8.251600000000002,Closed,16,5.22
20.037950000000002,8.2492,Closed,16,5.22
20.048783333333336,8.2468,Closed,16,5.22
20.0596,8.2444,Closed,16,5.22
20.070433333333334,8.2414,Closed,16,5.22
20.081333333333337,8.2388,Closed,16,5.22
20.092166666666667,8.2364,Closed,16,5.22
20.102983333333334,8.2334,Closed,16,5.22
20.1138,8.2314,Closed,16,5.22
20.124666666666666,8.229,Closed,16,5.22
20.135533333333335,8.2266,Closed,16,5.22
20.14635,8.2242,Closed,16,5.22
20.157183333333332,8.2218,Closed,16,5.22
20.168033333333334,8.2194,Closed,16,5.22
20.17885,8.2174,Closed,16,5.22
20.195516666666666,8.215,Closed,16,5.22
20.20635,8.2126,Closed,16,5.22
20.21721666666667,8.2102,Closed,16,5.22
20.228083333333338,8.2082,Closed,16,5.22
20.238933333333332,8.2058,Closed,16,5.22
20.249816666666668,8.2034,Closed,16,5.22
20.260633333333335,8.2018,Closed,16,5.22
20.271466666666665,8.1994,Closed,16,5.22
20.282283333333336,8.197000000000001,Closed,16,5.22
20.293133333333333,8.193999999999999,Closed,16,5.22
20.304016666666666,8.1916,Closed,16,5.22
20.314833333333336,8.189200000000001,Closed,17,5.22
20.325666666666667,8.1868,Closed,17,5.22
20.336516666666668,8.1844,Closed,17,5.22
20.347350000000002,8.182,Closed,17,5.22
20.35821666666667,8.18,Closed,17,5.22
20.36905,8.1776,Closed,17,5.22
20.379883333333336,8.1746,Closed,17,5.22
20.390716666666666,8.1722,Closed,17,5.22
20.40155,8.170200000000001,Closed,17,5.22
20.412433333333336,8.167800000000002,Closed,17,5.22
20.42326666666667,8.1654,Closed,17,5.22
20.434083333333334,8.163,Closed,17,5.22
20.44496666666667,8.1606,Closed,17,5.22
20.455800000000004,8.158600000000002,Closed,17,5.22
20.466733333333334,8.156200000000002,Closed,17,5.22
20.47755,8.1538,Closed,17,5.22
20.488383333333335,8.1514,Closed,17,5.22
20.499216666666666,8.1494,Closed,17,5.22
20.510066666666667,8.147,Closed,17,5.22
20.520933333333335,8.144600000000002,Closed,17,5.22
20.53175,8.1422,Closed,17,5.22
20.542583333333333,8.139800000000001,Closed,17,5.22
20.553433333333334,8.1378,Closed,17,5.22
20.564266666666665,8.1354,Closed,17,5.22
20.575133333333333,8.134,Closed,17,5.22
20.585966666666668,8.134400000000001,Closed,17,5.22
20.596799999999998,8.134400000000001,Closed,17,5.22
20.607633333333336,8.134400000000001,Closed,17,5.22
20.61846666666667,8.134400000000001,Closed,17,5.22
20.62935,8.134,Closed,17,5.22
20.640183333333333,8.134,Closed,17,5.22
20.65101666666667,8.134,Closed,17,5.22
20.66185,8.1336,Closed,17,5.22
20.672766666666668,8.1336,Closed,17,5.22
20.68361666666667,8.1332,Closed,17,5.22
20.694483333333334,8.1332,Closed,17,5.22
20.70531666666667,8.1332,Closed,17,5.22
20.716150000000003,8.133200000000002,Closed,17,5.22
20.727033333333335,8.132800000000001,Closed,17,5.22
20.73786666666667,8.132800000000001,Closed,17,5.22
20.748683333333336,8.132800000000001,Closed,17,5.22
20.75951666666667,8.132800000000001,Closed,17,5.22
20.770366666666668,8.132800000000001,Closed,17,5.22
20.78125,8.1328,Closed,17,5.22
20.792066666666667,8.1328,Closed,17,5.22
20.8029,8.1324,Closed,17,5.22
20.813750000000002,8.1324,Closed,17,5.22
20.824583333333337,8.1324,Closed,17,5.22
20.83545,8.1324,Closed,17,5.22
20.846283333333336,8.1324,Closed,17,5.22
20.85711666666667,8.1324,Closed,17,5.22
20.86795,8.132,Closed,18,5.22
20.878783333333335,8.132,Closed,18,5.22
20.889666666666667,8.132,Closed,18,5.22
20.9005,8.1316,Closed,18,5.22
20.911366666666666,8.131200000000002,Closed,18,5.22
20.922250000000002,8.131200000000002,Closed,18,5.22
20.933116666666667,8.1316,Closed,18,5.22
20.943983333333335,8.1312,Closed,18,5.22
20.9548,8.1308,Closed,18,5.22
20.965633333333336,8.130400000000002,Closed,18,5.22
20.976483333333338,8.13,Closed,18,5.22
20.98731666666667,8.13,Closed,18,5.22
20.998183333333333,8.1296,Closed,18,5.22
21.009000000000004,8.1296,Closed,18,5.22
21.01985,8.1296,Closed,18,5.22
21.030683333333336,8.1296,Closed,18,5.22
21.041516666666666,8.1292,Closed,18,5.22
21.052383333333335,8.1292,Closed,18,5.22
21.063233333333336,8.1296,Closed,18,5.22
21.07406666666667,8.1296,Closed,18,5.22
21.0849,8.1296,Closed,18,5.22
21.095733333333335,8.1292,Closed,18,5.22
21.10661666666667,8.1292,Closed,18,5.22
21.117433333333334,8.1296,Closed,18,5.22
21.12826666666667,8.1292,Closed,18,5.22
21.139150000000004,8.1292,Closed,18,5.22
21.150050000000004,8.1292,Closed,18,5.22
21.160916666666665,8.1292,Closed,18,5.22
21.171733333333336,8.1292,Closed,18,5.22
21.18256666666667,8.1292,Closed,18,5.22
21.193416666666668,8.1292,Closed,18,5.22
21.2043,8.1292,Closed,18,5.22
21.21511666666667,8.1292,Closed,18,5.22
21.22595,8.1296,Closed,18,5.22
21.236800000000002,8.13,Closed,18,5.22
21.247633333333336,8.13,Closed,18,5.22
21.258516666666665,8.13,Closed,18,5.22
21.269333333333336,8.1304,Closed,18,5.22
21.28016666666667,8.130400000000002,Closed,18,5.22
21.291,8.130400000000002,Closed,18,5.22
21.301833333333335,8.130400000000002,Closed,18,5.22
21.31271666666667,8.13,Closed,18,5.22
21.32355,8.13,Closed,18,5.22
21.334383333333335,8.130400000000002,Closed,18,5.22
21.34521666666667,8.1304,Closed,18,5.22
21.35605,8.1304,Closed,18,5.22
21.366983333333334,8.130400000000002,Closed,18,5.22
21.3778,8.130400000000002,Closed,18,5.22
21.388683333333336,8.130400000000002,Closed,18,5.22
21.399516666666667,8.130400000000002,Closed,18,5.22
21.41036666666667,8.1308,Closed,18,5.22
21.421233333333337,8.1308,Closed,18,5.22
21.432066666666667,8.1312,Closed,18,5.22
21.442883333333334,8.131200000000002,Closed,18,5.22
21.453733333333336,8.1316,Closed,18,5.22
21.464566666666666,8.1316,Closed,18,5.22
21.475450000000002,8.131200000000002,Closed,18,5.22
21.48626666666667,8.131200000000002,Closed,18,5.22
21.4971,8.1316,Closed,18,5.22
21.50795,8.132,Closed,18,5.22
21.518783333333335,8.1324,Closed,18,5.22
21.52965,8.1324,Closed,18,5.22
21.540483333333334,8.132,Closed,18,5.22
21.55131666666667,8.132,Closed,18,5.22
21.56215,8.132,Closed,18,5.22
21.572983333333337,8.1316,Closed,18,5.22
21.58386666666667,8.132,Closed,18,5.22
21.5947,8.132,Closed,18,5.22
21.605566666666668,8.1316,Closed,19,5.22
21.616466666666668,8.1316,Closed,18,5.22
21.62735,8.1312,Closed,19,5.22
21.63816666666667,8.131200000000002,Closed,19,5.22
21.649,8.1316,Closed,19,5.22
21.659816666666668,8.131200000000002,Closed,19,5.22
21.670683333333333,8.1308,Closed,19,5.22
21.681566666666665,8.1308,Closed,19,5.22
21.692383333333336,8.1308,Closed,19,5.22
21.703233333333337,8.1308,Closed,19,5.22
21.71405,8.1312,Closed,19,5.22
21.724883333333334,8.1316,Closed,19,5.22
21.73576666666667,8.1316,Closed,19,5.22
21.746616666666668,8.131200000000002,Closed,19,5.22
21.757433333333335,8.131200000000002,Closed,19,5.22
21.768266666666666,8.131200000000002,Closed,19,5.22
21.779100000000003,8.1308,Closed,19,5.22
21.790000000000003,8.1308,Closed,19,5.22
21.800816666666666,8.130400000000002,Closed,19,5.22
21.81165,8.13,Closed,19,5.22
21.822483333333334,8.13,Closed,19,5.22
21.833383333333337,8.13,Closed,19,5.22
21.84425,8.130400000000002,Closed,19,5.22
21.855133333333335,8.130400000000002,Closed,19,5.22
21.86595,8.130400000000002,Closed,19,5.22
21.876800000000003,8.13,Closed,19,5.22
21.88765,8.13,Closed,19,5.22
21.89851666666667,8.13,Closed,19,5.22
21.909333333333336,8.13,Closed,19,5.22
21.920183333333334,8.13,Closed,19,5.22
21.931016666666668,8.1296,Closed,19,5.22
21.941850000000002,8.1296,Closed,19,5.22
21.952733333333335,8.1296,Closed,19,5.22
21.96356666666667,8.1292,Closed,19,5.22
21.974400000000003,8.128800000000002,Closed,19,5.22
21.985233333333333,8.1288,Closed,19,5.22
21.996066666666668,8.1288,Closed,19,5.22
22.006950000000003,8.1288,Closed,19,5.22
22.017783333333334,8.1292,Open,19,5.22
22.0286,8.1316,Open,19,5.22
22.03943333333333,8.1336,Open,19,5.22
22.050283333333333,8.1356,Open,19,5.22
22.06115,8.1376,Open,19,5.22
22.07201666666667,8.14,Open,19,5.22
22.082900000000002,8.142800000000001,Open,19,5.22
22.09375,8.1452,Open,19,5.22
22.104633333333332,8.1476,Open,19,5.22
22.115450000000003,8.15,Open,19,5.22
22.126283333333333,8.1516,Open,19,5.22
22.137116666666667,8.1536,Open,19,5.22
22.14796666666667,8.156,Open,19,5.22
22.158833333333334,8.1584,Open,19,5.22
22.16965,8.161200000000001,Open,19,5.22
22.180500000000002,8.1636,Open,19,5.22
22.191333333333333,8.165600000000001,Open,19,5.22
22.202166666666667,8.168000000000001,Open,19,5.22
22.213050000000003,8.170399999999999,Open,19,5.22
22.223883333333333,8.1728,Open,19,5.22
22.234716666666667,8.1748,Open,19,5.22
22.24555,8.1768,Open,19,5.22
22.25636666666667,8.1788,Open,19,5.22
22.267266666666668,8.1804,Open,19,5.22
22.278083333333335,8.1828,Open,19,5.22
22.28891666666667,8.1856,Open,19,5.22
22.299750000000003,8.188,Open,19,5.22
22.310600000000004,8.1904,Open,19,5.22
22.32151666666667,8.1928,Open,19,5.22
22.332333333333334,8.195200000000002,Open,19,5.22
22.343233333333334,8.198,Open,19,5.22
22.354066666666668,8.2004,Open,19,5.22
22.3649,8.2024,Open,19,5.22
22.375766666666667,8.2048,Open,19,5.22
22.38661666666667,8.2068,Open,19,5.22
22.397433333333332,8.2092,Open,19,5.22
22.40826666666667,8.211599999999999,Open,19,5.22
22.419100000000004,8.214,Open,19,5.22
22.430000000000003,8.2164,Open,19,5.22
22.440816666666667,8.2188,Open,19,5.22
22.451633333333337,8.2212,Open,19,5.22
22.462483333333335,8.2236,Open,19,5.22
22.47331666666667,8.2264,Open,19,5.22
22.4842,8.2284,Open,19,5.22
22.495016666666668,8.2308,Open,19,5.22
22.505850000000002,8.2332,Open,19,5.22
22.516683333333333,8.2356,Open,19,5.22
22.527533333333334,8.238000000000001,Open,19,5.22
22.538400000000003,8.240400000000001,Open,20,5.22
22.549233333333337,8.2428,Open,20,5.22
22.56005,8.2448,Open,20,5.22
22.57095,8.2448,Open,20,5.22
22.581833333333336,8.2452,Open,20,5.22
22.5927,8.245600000000001,Open,20,5.22
22.603550000000002,8.246,Open,20,5.22
22.61436666666667,8.2456,Open,20,5.22
22.62521666666667,8.2456,Open,20,5.22
22.636083333333335,8.2452,Open,20,5.22
22.646916666666666,8.2452,Open,20,5.22
22.657750000000004,8.245600000000001,Open,20,5.22
22.668583333333334,8.246,Open,20,5.22
22.67941666666667,8.2464,Open,20,5.22
22.6903,8.2464,Open,20,5.22
22.701133333333335,8.2464,Open,20,5.22
22.71195,8.246,Open,20,5.22
22.722783333333336,8.2456,Open,20,5.22
22.733633333333334,8.2456,Open,20,5.22
22.744516666666666,8.2456,Open,20,5.22
22.755333333333336,8.246,Open,20,5.22
22.766166666666667,8.246,Open,20,5.22
22.777,8.2464,Open,20,5.22
22.787850000000002,8.2468,Open,20,5.22
22.798716666666667,8.2468,Open,20,5.22
22.809533333333334,8.2472,Open,20,5.22
22.820433333333334,8.2472,Open,20,5.22
22.831266666666668,8.2472,Open,20,5.22
22.84215,8.2472,Open,20,5.22
22.853150000000003,8.2472,Open,20,5.22
22.86396666666667,8.2472,Open,20,5.22
22.8748,8.2472,Open,20,5.22
22.885633333333335,8.2472,Open,20,5.22
22.896483333333332,8.2472,Open,20,5.22
22.90735,8.2476,Open,20,5.22
22.918183333333335,8.2476,Open,20,5.22
22.929,8.2476,Open,20,5.22
22.93985,8.2476,Open,20,5.22
22.9507,8.2476,Open,20,5.22
22.96156666666667,8.2476,Open,20,5.22
22.9724,8.2472,Open,20,5.22
22.983233333333335,8.2472,Open,20,5.22
22.994066666666665,8.2472,Open,20,5.22
23.004900000000003,8.2468,Open,20,5.22
23.015766666666668,8.2468,Open,20,5.22
23.026616666666666,8.2472,Open,20,5.22
23.03745,8.2472,Open,20,5.22
23.048283333333337,8.2476,Open,20,5.22
23.059116666666668,8.2476,Open,20,5.22
23.07,8.2476,Open,20,5.22
23.08086666666667,8.2476,Open,20,5.22
23.09175,8.2476,Open,20,5.22
23.10258333333333,8.2476,Open,20,5.22
23.11348333333334,8.2472,Open,20,5.22
23.1243,8.2472,Open,20,5.22
23.135133333333336,8.2472,Open,20,5.22
23.145950000000003,8.2472,Open,20,5.22
23.1568,8.2482,Open,20,5.22
23.167700000000004,8.2482,Open,20,5.22
23.178516666666667,8.2486,Open,20,5.22
23.189333333333334,8.2486,Open,20,5.22
23.200183333333335,8.2486,Open,20,5.22
23.211033333333333,8.2486,Open,20,5.22
23.2219,8.2486,Open,20,5.22
23.232733333333336,8.2486,Open,20,5.22
23.243566666666666,8.2486,Open,20,5.22
23.2544,8.249,Open,20,5.22
23.265233333333335,8.249400000000001,Open,20,5.22
23.276116666666667,8.249400000000001,Open,20,5.22
23.28695,8.249400000000001,Open,20,5.22
23.297783333333335,8.249400000000001,Open,20,5.22
23.30861666666667,8.249400000000001,Open,20,5.22
23.319450000000003,8.249400000000001,Open,20,5.22
23.330383333333334,8.249400000000001,Open,20,5.22
23.34121666666667,8.249400000000001,Open,20,5.22
23.352083333333333,8.249400000000001,Open,20,5.22
23.362916666666667,8.249400000000001,Open,20,5.22
23.37376666666667,8.249400000000001,Open,20,5.22
23.384650000000004,8.249,Open,20,5.22
23.395466666666668,8.249,Open,20,5.22
23.4063,8.249,Open,20,5.22
23.41715,8.249,Open,20,5.22
23.427983333333334,8.249,Open,20,5.22
23.438850000000002,8.249,Open,20,5.22
23.449683333333333,8.249,Open,20,5.22
23.460516666666667,8.249,Open,20,5.22
23.471350000000005,8.249,Open,20,5.22
23.4822,8.249,Open,20,5.22
23.493066666666667,8.249,Open,20,5.22
23.5039,8.249,Open,21,5.22
23.514733333333332,8.249400000000001,Open,20,5.22
23.52556666666667,8.249400000000001,Open,21,5.22
23.536400000000004,8.249400000000001,Open,20,5.22
23.547300000000003,8.2498,Open,21,5.22
23.558116666666667,8.2498,Open,21,5.22
23.568933333333337,8.2494,Open,21,5.22
23.579850000000004,8.249,Open,21,5.22
23.590733333333336,8.249,Open,21,5.22
23.6016,8.249,Open,21,5.22
23.612416666666668,8.249,Open,21,5.22
23.62326666666667,8.249,Open,21,5.22
23.6341,8.249,Open,21,5.22
23.644983333333336,8.249,Open,21,5.22
23.655800000000003,8.249400000000001,Open,21,5.22
23.66665,8.249400000000001,Open,21,5.22
23.677483333333335,8.249400000000001,Open,21,5.22
23.688316666666665,8.249400000000001,Open,21,5.22
23.699183333333334,8.2488,Open,21,5.22
23.710033333333335,8.2488,Open,21,5.22
23.72086666666667,8.2488,Open,21,5.22
23.731683333333333,8.2488,Open,21,5.22
23.742533333333334,8.2488,Open,21,5.22
23.75341666666667,8.2484,Open,21,5.22
23.764233333333333,8.2484,Open,21,5.22
23.775066666666667,8.2484,Open,21,5.22
23.7859,8.2484,Open,21,5.22
23.79675,8.2484,Open,21,5.22
23.807633333333335,8.2484,Open,21,5.22
23.818450000000002,8.2484,Open,21,5.22
23.829333333333334,8.2484,Open,21,5.22
23.840183333333336,8.2484,Open,21,5.22
23.851066666666668,8.2484,Open,21,5.22
23.861933333333337,8.2484,Open,21,5.22
23.87275,8.2484,Open,21,5.22
23.8836,8.248,Open,21,5.22
23.894433333333335,8.2476,Open,21,5.22
23.905266666666666,8.2472,Open,21,5.22
23.916133333333335,8.2472,Open,21,5.22
23.926983333333336,8.2476,Open,21,5.22
23.9378,8.2476,Open,21,5.22
23.948633333333337,8.2476,Open,21,5.22
23.959466666666668,8.2476,Open,21,5.22
23.97035,8.2476,Open,21,5.22
23.981183333333334,8.2476,Open,21,5.22
23.992,8.2476,Open,21,5.22
24.002833333333335,8.2476,Open,21,5.22
24.013683333333336,8.2472,Open,21,5.22
24.02455,8.2472,Open,21,5.22
24.03536666666667,8.2458,Closed,21,0.0
24.046183333333335,8.2434,Closed,21,0.0
24.057033333333333,8.241,Closed,21,0.0
24.067866666666667,8.238999999999999,Closed,21,0.0
24.078783333333334,8.2366,Closed,21,0.0
24.089616666666668,8.2342,Closed,21,0.0
24.10051666666667,8.2318,Closed,21,0.0
24.11135,8.230200000000002,Closed,21,0.0
24.122233333333334,8.228200000000001,Closed,21,0.0
24.133050000000004,8.2258,Closed,21,0.0
24.1439,8.2238,Closed,21,0.0
24.154733333333336,8.2214,Closed,21,0.0
24.16556666666667,8.219,Closed,21,0.0
24.17646666666667,8.2166,Closed,21,0.0
24.187283333333333,8.2142,Closed,21,0.0
24.19811666666667,8.2118,Closed,21,0.0
24.20895,8.2094,Closed,21,0.0
24.219783333333336,8.2074,Closed,21,0.0
24.230683333333335,8.2054,Closed,21,0.0
24.2415,8.203000000000001,Closed,21,0.0
24.252333333333336,8.200600000000001,Closed,21,0.0
24.26316666666667,8.1982,Closed,21,0.0
24.274016666666668,8.1958,Closed,21,0.0
24.2849,8.193000000000001,Closed,21,0.0
24.29571666666667,8.191,Closed,21,0.0
24.30655,8.189,Closed,21,0.0
24.31745,8.1866,Closed,21,0.0
24.328333333333333,8.184199999999999,Closed,21,0.0
24.33921666666667,8.181799999999999,Closed,21,0.0
24.350050000000003,8.179400000000001,Closed,21,0.0
24.360883333333334,8.177,Closed,21,0.0
24.371716666666668,8.1746,Closed,21,0.0
24.382550000000002,8.1722,Closed,21,0.0
24.393433333333334,8.1698,Closed,21,0.0
24.40426666666667,8.1678,Closed,21,0.0
24.415083333333335,8.1658,Closed,21,0.0
24.42591666666667,8.164200000000001,Closed,21,0.0
24.436783333333334,8.1622,Closed,21,0.0
24.447650000000003,8.1602,Closed,21,0.0
24.458483333333334,8.1582,Closed,21,0.0
24.469316666666668,8.1562,Closed,21,0.0
24.48016666666667,8.1538,Closed,21,0.0
24.491,8.1514,Closed,21,0.0
24.50186666666667,8.149,Closed,21,0.0
24.512683333333335,8.1466,Closed,21,0.0
24.523533333333333,8.144200000000001,Closed,21,0.0
24.534366666666667,8.1418,Closed,21,0.0
24.5453,8.139800000000001,Closed,21,0.0
24.55611666666667,8.138200000000001,Closed,21,0.0
24.56701666666667,8.135800000000001,Closed,21,0.0
24.57785,8.134800000000002,Closed,21,0.0
24.588683333333336,8.134800000000002,Closed,21,0.0
24.599583333333335,8.134800000000002,Closed,21,0.0
24.610400000000002,8.134400000000001,Closed,21,0.0
24.62121666666667,8.134400000000001,Closed,21,0.0
24.63205,8.134400000000001,Closed,21,0.0
24.6429,8.134400000000001,Closed,21,0.0
24.653783333333333,8.134,Closed,21,0.0
24.66461666666667,8.134,Closed,21,0.0
24.675433333333334,8.134400000000001,Closed,21,0.0
24.68626666666667,8.134,Closed,21,0.0
24.697116666666666,8.134,Closed,21,0.0
24.708000000000002,8.134400000000001,Closed,21,0.0
24.71881666666667,8.134800000000002,Closed,21,0.0
24.72965,8.1348,Closed,21,0.0
24.7405,8.1348,Closed,21,0.0
24.751333333333335,8.1348,Closed,21,0.0
24.76221666666667,8.134400000000001,Closed,21,0.0
24.773100000000003,8.134,Closed,21,0.0
24.783933333333334,8.134,Closed,21,0.0
24.79481666666667,8.134400000000001,Closed,21,0.0
24.805650000000004,8.134400000000001,Closed,21,0.0
24.816550000000003,8.134400000000001,Closed,21,0.0
24.827366666666666,8.1348,Closed,22,0.0
24.838200000000004,8.1348,Closed,22,0.0
24.849033333333335,8.134800000000002,Closed,21,0.0
24.859883333333336,8.134800000000002,Closed,22,0.0
24.87075,8.134800000000002,Closed,21,0.0
24.88158333333333,8.135200000000001,Closed,22,0.0
24.89241666666667,8.1356,Closed,22,0.0
24.90326666666667,8.1356,Closed,22,0.0
24.9141,8.1356,Closed,22,0.0
24.924966666666666,8.136000000000001,Closed,22,0.0
24.935800000000004,8.136000000000001,Closed,22,0.0
24.94665,8.1356,Closed,22,0.0
24.957483333333336,8.1352,Closed,22,0.0
24.96831666666667,8.134800000000002,Closed,22,0.0
24.979183333333335,8.134800000000002,Closed,22,0.0
24.99001666666667,8.134800000000002,Closed,22,0.0
25.000850000000003,8.134400000000001,Closed,22,0.0
25.011733333333336,8.134400000000001,Closed,22,0.0
25.02266666666667,8.134400000000001,Closed,22,0.0
25.0335,8.134400000000001,Closed,22,0.0
25.044333333333334,8.134800000000002,Closed,22,0.0
25.05516666666667,8.135200000000001,Closed,22,0.0
25.066,8.1352,Closed,22,0.0
25.076900000000002,8.1348,Closed,22,0.0
25.08771666666667,8.134400000000001,Closed,22,0.0
25.09855,8.134,Closed,22,0.0
25.109383333333334,8.134,Closed,22,0.0
25.120233333333335,8.134400000000001,Closed,22,0.0
25.13111666666667,8.134400000000001,Closed,22,0.0
25.141933333333334,8.134,Closed,22,0.0
25.15276666666667,8.134,Closed,22,0.0
25.163616666666666,8.134,Closed,22,0.0
25.17445,8.134,Closed,22,0.0
25.185333333333336,8.134400000000001,Closed,22,0.0
25.19615,8.134400000000001,Closed,22,0.0
25.207,8.134400000000001,Closed,22,0.0
25.21781666666667,8.134,Closed,22,0.0
25.228666666666665,8.134,Closed,22,0.0
25.239600000000003,8.134400000000001,Closed,22,0.0
25.25041666666667,8.134,Closed,22,0.0
25.261300000000002,8.1336,Closed,22,0.0
25.272133333333336,8.1336,Closed,22,0.0
25.282983333333334,8.1336,Closed,22,0.0
25.293866666666666,8.133600000000001,Closed,22,0.0
25.304683333333337,8.133600000000001,Closed,22,0.0
25.315516666666667,8.133600000000001,Closed,22,0.0
25.32636666666667,8.133600000000001,Closed,22,0.0
25.337200000000003,8.1332,Closed,22,0.0
25.348066666666668,8.1332,Closed,22,0.0
25.358900000000002,8.1336,Closed,22,0.0
25.369750000000003,8.133600000000001,Closed,22,0.0
25.380583333333334,8.133600000000001,Closed,22,0.0
25.391416666666668,8.1332,Closed,22,0.0
25.402300000000004,8.1332,Closed,22,0.0
25.413133333333334,8.1336,Closed,22,0.0
25.42396666666667,8.133600000000001,Closed,22,0.0
25.434800000000003,8.1332,Closed,22,0.0
25.445633333333333,8.1332,Closed,22,0.0
25.45651666666667,8.1332,Closed,22,0.0
25.4674,8.1324,Closed,22,0.0
25.478216666666665,8.1324,Closed,22,0.0
25.48911666666667,8.1324,Closed,22,0.0
25.50001666666667,8.1324,Closed,22,0.0
25.510833333333334,8.1324,Closed,22,0.0
25.52166666666667,8.1328,Closed,22,0.0
25.532483333333335,8.1328,Closed,22,0.0
25.54335,8.132800000000001,Closed,22,0.0
25.55421666666667,8.1324,Closed,22,0.0
25.56505,8.1324,Closed,22,0.0
25.57586666666667,8.1324,Closed,22,0.0
25.58671666666667,8.132,Closed,22,0.0
25.597550000000002,8.1316,Closed,22,0.0
25.608433333333334,8.1316,Closed,22,0.0
25.619266666666668,8.132,Closed,22,0.0
25.630100000000002,8.132,Closed,22,0.0
25.640933333333336,8.132,Closed,22,0.0
25.651766666666667,8.132000000000001,Closed,22,0.0
25.66265,8.1316,Closed,22,0.0
25.673483333333333,8.1316,Closed,22,0.0
25.68431666666667,8.131599999999999,Closed,22,0.0
25.69515,8.1312,Closed,22,0.0
25.706033333333334,8.1312,Closed,22,0.0
25.716966666666668,8.1312,Closed,22,0.0
25.727800000000002,8.1308,Closed,22,0.0
25.738633333333333,8.130400000000002,Closed,22,0.0
25.749483333333334,8.13,Closed,22,0.0
25.760316666666668,8.13,Closed,22,0.0
25.771183333333337,8.1304,Closed,22,0.0
25.782016666666667,8.13,Closed,22,0.0
25.79286666666667,8.13,Closed,22,0.0
25.803700000000003,8.13,Closed,22,0.0
25.814533333333333,8.13,Closed,22,0.0
25.825400000000002,8.130400000000002,Closed,22,0.0
25.836250000000003,8.1304,Closed,22,0.0
25.847083333333334,8.1304,Closed,22,0.0
25.857916666666668,8.130400000000002,Closed,22,0.0
25.86875,8.13,Closed,22,0.0
25.879633333333334,8.1296,Closed,22,0.0
25.89046666666667,8.1296,Closed,22,0.0
25.901300000000003,8.1292,Closed,22,0.0
25.912133333333333,8.128800000000002,Closed,22,0.0
25.922983333333335,8.1288,Closed,22,0.0
25.9339,8.1288,Closed,22,0.0
25.944733333333335,8.1288,Closed,22,0.0
25.9556,8.128400000000001,Closed,22,0.0
25.96646666666667,8.128,Closed,22,0.0
25.977333333333334,8.1276,Closed,22,0.0
25.988166666666668,8.1276,Closed,22,0.0
25.999000000000002,8.1276,Closed,22,0.0
26.009850000000004,8.128,Closed,22,0.0
26.020683333333334,8.128,Closed,22,0.0
26.031566666666667,8.128400000000001,Open,22,0.0
26.042383333333337,8.130400000000002,Open,22,0.0
26.053233333333335,8.1324,Open,22,0.0
26.06406666666667,8.134400000000001,Open,22,0.0
26.074900000000003,8.136800000000001,Open,22,0.0
26.085766666666668,8.139199999999999,Open,22,0.0
26.096616666666666,8.1416,Open,22,0.0
26.107450000000004,8.1436,Open,22,0.0
26.118266666666667,8.1456,Open,22,0.0
26.12911666666667,8.1476,Open,22,0.0
26.140016666666668,8.1496,Open,22,0.0
26.150833333333335,8.152000000000001,Open,22,0.0
26.16166666666667,8.154000000000002,Open,22,0.0
26.172533333333334,8.156400000000001,Open,22,0.0
26.183400000000002,8.158400000000002,Open,22,0.0
26.19431666666667,8.1604,Open,22,0.0
26.205133333333333,8.1624,Open,22,0.0
26.215983333333334,8.1644,Open,22,0.0
26.226816666666668,8.167200000000001,Open,22,0.0
26.23765,8.170000000000002,Open,22,0.0
26.248516666666667,8.172,Open,22,0.0
26.25936666666667,8.1744,Open,22,0.0
26.2702,8.1768,Open,22,0.0
26.281033333333333,8.179200000000002,Open,22,0.0
26.29186666666667,8.181600000000001,Open,22,0.0
26.302750000000003,8.1836,Open,22,0.0
26.313583333333334,8.1852,Open,22,0.0
26.324400000000004,8.1876,Open,22,0.0
26.335233333333335,8.1896,Open,22,0.0
26.3461,8.1916,Open,22,0.0
26.35696666666667,8.193999999999999,Open,22,0.0
26.367783333333332,8.196,Open,23,0.0
26.37861666666667,8.1984,Open,23,0.0
26.38946666666667,8.2004,Open,23,0.0
26.4003,8.2024,Open,23,0.0
26.411183333333334,8.205200000000001,Open,23,0.0
26.422000000000004,8.2076,Open,23,0.0
26.432900000000004,8.2096,Open,23,0.0
26.443733333333334,8.2116,Open,23,0.0
26.45465,8.214400000000001,Open,23,0.0
26.465483333333335,8.216800000000001,Open,23,0.0
26.476333333333336,8.2192,Open,23,0.0
26.48715,8.221200000000001,Open,23,0.0
26.497983333333334,8.223600000000001,Open,23,0.0
26.50886666666667,8.226,Open,23,0.0
26.519716666666667,8.2284,Open,23,0.0
26.530533333333334,8.2308,Open,23,0.0
26.54136666666667,8.232800000000001,Open,23,0.0
26.552200000000003,8.2348,Open,23,0.0
26.563100000000002,8.236799999999999,Open,23,0.0
26.57391666666667,8.2388,Open,23,0.0
